season,week,celebrity,total_score,estimated_votes,vote_share,method,is_eliminated,popularity,viewers,optimization_success
1,1,John O'Hurley,20.0,123819,0.18370785053967958,rank,False,0.002284,13.480000000000002,
1,1,Kelly Monaco,13.0,80301,0.11914102453214404,rank,False,1.0,13.480000000000002,
1,1,Evander Holyfield,18.0,110555,0.16402806821109625,rank,False,0.010384,13.480000000000002,
1,1,Rachel Hunter,20.0,123730,0.18357526792626164,rank,False,0.103536,13.480000000000002,
1,1,Joey McIntyre,20.0,125204,0.18576274615685526,rank,False,0.010384,13.480000000000002,
1,1,Trista Sutter,18.0,110391,0.16378504263396332,rank,False,0.006533,13.480000000000002,
1,2,John O'Hurley,26.0,148710,0.1970977644759067,rank,False,0.002284,15.090000000000002,True
1,2,Kelly Monaco,17.0,198475,0.2630553169254338,rank,False,1.0,15.090000000000002,True
1,2,Evander Holyfield,14.0,142768,0.18922153257374544,rank,False,0.010384,15.090000000000002,True
1,2,Rachel Hunter,24.0,118170,0.15662074909515034,rank,False,0.103536,15.090000000000002,True
1,2,Joey McIntyre,21.0,130675,0.17319424531289307,rank,False,0.010384,15.090000000000002,True
1,2,Trista Sutter,19.0,15701,0.020810391616870674,rank,True,0.006533,15.090000000000002,True
1,3,John O'Hurley,24.0,160727,0.20514032903561752,rank,False,0.002284,15.669999999999998,True
1,3,Kelly Monaco,21.0,195893,0.25002315158731286,rank,False,1.0,15.669999999999998,True
1,3,Evander Holyfield,13.0,96380,0.12301249744094506,rank,True,0.010384,15.669999999999998,True
1,3,Rachel Hunter,26.0,163033,0.2080826673060088,rank,False,0.103536,15.669999999999998,True
1,3,Joey McIntyre,22.0,167466,0.2137413546301158,rank,False,0.010384,15.669999999999998,True
1,4,John O'Hurley,21.0,161587,0.20823065044798503,rank,False,0.002284,15.52,False
1,4,Kelly Monaco,26.0,261524,0.33701608281114853,rank,False,1.0,15.52,False
1,4,Rachel Hunter,25.0,190326,0.24526555069849765,rank,True,0.103536,15.52,False
1,4,Joey McIntyre,20.0,162562,0.20948771604236885,rank,False,0.010384,15.52,False
1,5,John O'Hurley,27.0,340797,0.3666452014322928,rank,False,0.002284,18.59,
1,5,Kelly Monaco,23.5,309644,0.33312972602724267,rank,False,1.0,18.59,
1,5,Joey McIntyre,22.5,279059,0.30022507254046454,rank,False,0.010384,18.59,
1,6,John O'Hurley,27.0,535471,0.4789540255681501,rank,False,0.002284,22.36,
1,6,Kelly Monaco,27.5,582529,0.52104597443185,rank,False,1.0,22.36,
2,1,Tatum O'Neal,23.0,152222,0.10034436097860341,rank,False,0.02221,30.34000000000001,False
2,1,Tia Carrere,20.0,150630,0.09929444562947062,rank,False,0.279523,30.34000000000001,False
2,1,George Hamilton,18.0,137796,0.09083422705040792,rank,False,0.227519,30.34000000000001,False
2,1,Lisa Rinna,19.0,166187,0.10955004942238458,rank,False,0.735645,30.34000000000001,False
2,1,Stacy Keibler,22.0,203947,0.13444088455776923,rank,False,1.0,30.34000000000001,False
2,1,Jerry Rice,21.0,187025,0.12328602418401213,rank,False,0.799567,30.34000000000001,False
2,1,Giselle Fernandez,23.0,159888,0.10539774622523998,rank,False,0.094258,30.34000000000001,False
2,1,Master P,12.0,97168,0.06405291391928877,rank,False,0.396533,30.34000000000001,False
2,1,Drew Lachey,24.0,172512,0.1137194423270669,rank,False,0.121343,30.34000000000001,False
2,1,Kenny Mayne,13.0,89624,0.05907990570575646,rank,True,0.396533,30.34000000000001,False
2,2,Tatum O'Neal,17.0,69393,0.044740713696737926,rank,True,0.02221,31.02,True
2,2,Tia Carrere,22.0,160957,0.10377630718494293,rank,False,0.279523,31.02,True
2,2,George Hamilton,22.0,178696,0.11521360079681714,rank,False,0.227519,31.02,True
2,2,Lisa Rinna,20.0,194603,0.1254692199244762,rank,False,0.735645,31.02,True
2,2,Stacy Keibler,29.0,269724,0.17390360276303074,rank,False,1.0,31.02,True
2,2,Jerry Rice,23.0,220699,0.14229451116321962,rank,False,0.799567,31.02,True
2,2,Giselle Fernandez,24.0,141007,0.09091362222672589,rank,False,0.094258,31.02,True
2,2,Master P,16.0,143535,0.09254384112631323,rank,False,0.396533,31.02,True
2,2,Drew Lachey,27.0,172385,0.11114458111773629,rank,False,0.121343,31.02,True
2,3,Tia Carrere,26.0,230384,0.13386645299283262,rank,False,0.279523,34.42,False
2,3,George Hamilton,22.0,198145,0.11513388225911185,rank,False,0.227519,34.42,False
2,3,Lisa Rinna,25.0,257267,0.14948665845129355,rank,False,0.735645,34.42,False
2,3,Stacy Keibler,27.0,294481,0.17111019769156333,rank,False,1.0,34.42,False
2,3,Jerry Rice,19.0,199082,0.11567822126638774,rank,False,0.799567,34.42,False
2,3,Giselle Fernandez,22.0,179933,0.10455134339331217,rank,True,0.094258,34.42,False
2,3,Master P,14.0,133374,0.07749775641205951,rank,False,0.396533,34.42,False
2,3,Drew Lachey,27.0,228335,0.13267548753343925,rank,False,0.121343,34.42,False
2,4,Tia Carrere,25.0,232430,0.13930501478141089,rank,False,0.279523,33.370000000000005,True
2,4,George Hamilton,21.0,206118,0.1235348823721282,rank,False,0.227519,33.370000000000005,True
2,4,Lisa Rinna,26.0,298913,0.17915066771762708,rank,False,0.735645,33.370000000000005,True
2,4,Stacy Keibler,26.0,318291,0.19076475314027208,rank,False,1.0,33.370000000000005,True
2,4,Jerry Rice,24.0,282539,0.1693373116580448,rank,False,0.799567,33.370000000000005,True
2,4,Master P,8.0,84848,0.05085272222207625,rank,True,0.396533,33.370000000000005,True
2,4,Drew Lachey,28.0,245361,0.14705464810844068,rank,False,0.121343,33.370000000000005,True
2,5,Tia Carrere,22.0,222585,0.1276658290044557,rank,True,0.279523,34.87,True
2,5,George Hamilton,24.0,256347,0.14703028527231649,rank,False,0.227519,34.87,True
2,5,Lisa Rinna,25.0,312775,0.17939500176824,rank,False,0.735645,34.87,True
2,5,Stacy Keibler,30.0,399662,0.2292299124267793,rank,False,1.0,34.87,True
2,5,Jerry Rice,23.0,294657,0.1690030342555798,rank,False,0.799567,34.87,True
2,5,Drew Lachey,27.0,257473,0.14767593727262862,rank,False,0.121343,34.87,True
2,6,George Hamilton,23.0,271372,0.15708925151588368,rank,True,0.227519,34.55,True
2,6,Lisa Rinna,27.0,373143,0.21600170063725113,rank,False,0.735645,34.55,True
2,6,Stacy Keibler,30.0,441481,0.25556087401604627,rank,False,1.0,34.55,True
2,6,Jerry Rice,23.0,325488,0.18841591260016627,rank,False,0.799567,34.55,True
2,6,Drew Lachey,30.0,316015,0.18293226123065282,rank,False,0.121343,34.55,True
2,7,Lisa Rinna,26.5,468006,0.26735576535429595,rank,True,0.735645,35.010000000000005,False
2,7,Stacy Keibler,27.5,514740,0.29405331331237994,rank,False,1.0,35.010000000000005,False
2,7,Jerry Rice,20.5,368634,0.21058775594123175,rank,False,0.799567,35.010000000000005,False
2,7,Drew Lachey,27.5,399120,0.22800316539209248,rank,False,0.121343,35.010000000000005,False
2,8,Stacy Keibler,28.6665,783904,0.3489446770197696,rank,False,1.0,44.93,
2,8,Jerry Rice,26.666600000000003,713562,0.31763269859419646,rank,False,0.799567,44.93,
2,8,Drew Lachey,28.9998,749034,0.3334226243860339,rank,False,0.121343,44.93,
3,1,Harry Hamlin,17.0,156512,0.08571297171473022,percent,False,0.210006,36.51999999999999,True
3,1,Vivica A. Fox,22.0,160783,0.0880517954227628,percent,False,0.275479,36.51999999999999,True
3,1,Monique Coleman,19.0,165092,0.0904116041097946,percent,False,0.275479,36.51999999999999,True
3,1,Joey Lawrence,21.0,206760,0.1132310496106727,percent,False,0.554046,36.51999999999999,True
3,1,Mario Lopez,26.0,235835,0.12915398831233596,percent,False,0.463249,36.51999999999999,True
3,1,Emmitt Smith,24.0,197841,0.108346625708423,percent,False,0.168005,36.51999999999999,True
3,1,Shanna Moakler,18.0,110557,0.060545730541241356,percent,False,0.145769,36.51999999999999,True
3,1,Willa Ford,22.0,189312,0.10367560500786893,percent,False,0.50525,36.51999999999999,True
3,1,Sara Evans,15.0,115646,0.06333320071317393,percent,False,0.133416,36.51999999999999,True
3,1,Jerry Springer,16.0,178670,0.09784790107922392,percent,False,1.0,36.51999999999999,True
3,1,Tucker Carlson,12.0,108993,0.05968952777977255,percent,True,0.145769,36.51999999999999,True
3,2,Harry Hamlin,21.0,160054,0.09786213124322307,percent,False,0.210006,32.709999999999994,True
3,2,Vivica A. Fox,24.0,145203,0.08878191745982059,percent,False,0.275479,32.709999999999994,True
3,2,Monique Coleman,26.0,187022,0.11435144722424762,percent,False,0.275479,32.709999999999994,True
3,2,Joey Lawrence,29.0,236370,0.14452466784285056,percent,False,0.554046,32.709999999999994,True
3,2,Mario Lopez,21.0,157689,0.0964165333240145,percent,False,0.463249,32.709999999999994,True
3,2,Emmitt Smith,24.0,163781,0.10014127904402653,percent,False,0.168005,32.709999999999994,True
3,2,Shanna Moakler,22.0,111862,0.06839611645523244,percent,True,0.145769,32.709999999999994,True
3,2,Willa Ford,23.0,163844,0.10017964243606971,percent,False,0.50525,32.709999999999994,True
3,2,Sara Evans,21.0,134032,0.08195155831872564,percent,False,0.133416,32.709999999999994,True
3,2,Jerry Springer,19.0,175644,0.10739470665178935,percent,False,1.0,32.709999999999994,True
3,3,Harry Hamlin,22.0,136641,0.08104468822568425,percent,True,0.210006,33.72,True
3,3,Vivica A. Fox,27.0,182204,0.10806857339845373,percent,False,0.275479,33.72,True
3,3,Monique Coleman,27.0,216649,0.12849865598796906,percent,False,0.275479,33.72,True
3,3,Joey Lawrence,22.0,200233,0.11876230851764275,percent,False,0.554046,33.72,True
3,3,Mario Lopez,22.0,184505,0.1094336877039844,percent,False,0.463249,33.72,True
3,3,Emmitt Smith,19.0,161078,0.09553853555019991,percent,False,0.168005,33.72,True
3,3,Willa Ford,22.0,209844,0.12446277880071946,percent,False,0.50525,33.72,True
3,3,Sara Evans,25.0,178142,0.10565946118476134,percent,False,0.133416,33.72,True
3,3,Jerry Springer,21.0,216704,0.1285313106305851,percent,False,1.0,33.72,True
3,4,Vivica A. Fox,24.0,136827,0.07629030049612688,percent,True,0.275479,35.87,True
3,4,Monique Coleman,24.0,239809,0.13371025652105065,percent,False,0.275479,35.87,True
3,4,Joey Lawrence,27.0,250872,0.13987820114129193,percent,False,0.554046,35.87,True
3,4,Mario Lopez,29.0,256246,0.14287468884799245,percent,False,0.463249,35.87,True
3,4,Emmitt Smith,24.0,238710,0.133097184259583,percent,False,0.168005,35.87,True
3,4,Willa Ford,28.0,255592,0.1425101257675976,percent,False,0.50525,35.87,True
3,4,Sara Evans,20.0,173059,0.09649240810643527,percent,False,0.133416,35.87,True
3,4,Jerry Springer,22.0,242386,0.13514683485992207,percent,False,1.0,35.87,True
3,5,Monique Coleman,27.0,283235,0.1478649144507428,percent,False,0.275479,38.31,True
3,5,Joey Lawrence,25.0,248810,0.12989285026832828,percent,False,0.554046,38.31,True
3,5,Mario Lopez,27.0,286627,0.14963544654552383,percent,False,0.463249,38.31,True
3,5,Emmitt Smith,27.0,279253,0.14578573324451158,percent,False,0.168005,38.31,True
3,5,Willa Ford,27.0,222199,0.11600054050907253,percent,True,0.50525,38.31,True
3,5,Sara Evans,24.0,253948,0.13257516281011902,percent,False,0.133416,38.31,True
3,5,Jerry Springer,24.0,341429,0.17824535217170195,percent,False,1.0,38.31,True
3,6,Monique Coleman,23.0,387443,0.19142429895972957,percent,False,0.275479,40.480000000000004,
3,6,Joey Lawrence,24.0,415661,0.20536604905210504,percent,False,0.554046,40.480000000000004,
3,6,Mario Lopez,28.0,491881,0.2430242572923562,percent,False,0.463249,40.480000000000004,
3,6,Emmitt Smith,25.0,423196,0.2090891343838715,percent,False,0.168005,40.480000000000004,
3,6,Jerry Springer,18.0,305819,0.1510962603119378,percent,False,1.0,40.480000000000004,
3,7,Monique Coleman,27.0,378709,0.18605213250399388,percent,False,0.275479,40.71,True
3,7,Joey Lawrence,28.5,452963,0.22253145762842907,percent,False,0.554046,40.71,True
3,7,Mario Lopez,28.0,409981,0.20141546788221842,percent,False,0.463249,40.71,True
3,7,Emmitt Smith,28.5,379245,0.18631564444973575,percent,False,0.168005,40.71,True
3,7,Jerry Springer,23.0,414601,0.203685297535623,percent,True,1.0,40.71,True
3,8,Monique Coleman,26.5,463900,0.23352605487774167,percent,True,0.275479,39.730000000000004,True
3,8,Joey Lawrence,27.0,530373,0.26698864344735457,percent,False,0.554046,39.730000000000004,True
3,8,Mario Lopez,28.5,537440,0.27054616201945725,percent,False,0.463249,39.730000000000004,True
3,8,Emmitt Smith,27.0,454788,0.22893913965544652,percent,False,0.168005,39.730000000000004,True
3,9,Joey Lawrence,29.5,720547,0.33780926340541756,percent,False,0.554046,42.66,
3,9,Mario Lopez,29.5,712934,0.3342398624453195,percent,False,0.463249,42.66,
3,9,Emmitt Smith,29.5,699519,0.32795087414926294,percent,False,0.168005,42.66,
3,10,Mario Lopez,29.666600000000003,1370805,0.5048074346413793,percent,False,0.463249,54.31,
3,10,Emmitt Smith,29.666600000000003,1344695,0.4951925653586206,percent,False,0.168005,54.31,
4,1,John Ratzenberger,17.0,88484,0.08117819603862085,percent,False,0.154328,21.800000000000004,
4,1,Ian Ziering,21.0,112515,0.1032247255190113,percent,False,0.123586,21.800000000000004,
4,1,Clyde Drexler,16.0,82081,0.07530405609290305,percent,False,0.004955,21.800000000000004,
4,1,Laila Ali,23.0,126127,0.11571271834320004,percent,False,0.314956,21.800000000000004,
4,1,Apolo Anton Ohno,21.0,112253,0.10298446369394881,percent,False,0.154328,21.800000000000004,
4,1,Shandi Finnessey,19.0,98983,0.09080991121389026,percent,False,0.092522,21.800000000000004,
4,1,Paulina Porizkova,19.0,98643,0.0904981947951693,percent,False,0.1607,21.800000000000004,
4,1,Heather Mills,18.0,98519,0.09038399748620791,percent,False,1.0,21.800000000000004,
4,1,Billy Ray Cyrus,13.0,65004,0.05963648605525165,percent,False,0.314457,21.800000000000004,
4,1,Joey Fatone,24.0,131486,0.12062925899863852,percent,False,0.193564,21.800000000000004,
4,1,Leeza Gibbons,15.0,75905,0.0696379917631584,percent,False,0.089006,21.800000000000004,
4,2,John Ratzenberger,21.0,168507,0.08787850283362071,percent,False,0.154328,38.35000000000001,True
4,2,Ian Ziering,22.0,170414,0.08887286937501454,percent,False,0.123586,38.35000000000001,True
4,2,Clyde Drexler,18.0,136796,0.07134095100385802,percent,False,0.004955,38.35000000000001,True
4,2,Laila Ali,27.0,224950,0.11731415054153141,percent,False,0.314956,38.35000000000001,True
4,2,Apolo Anton Ohno,26.0,200378,0.1044994205186406,percent,False,0.154328,38.35000000000001,True
4,2,Shandi Finnessey,20.0,173323,0.09038995414149384,percent,False,0.092522,38.35000000000001,True
4,2,Paulina Porizkova,21.0,113316,0.05909590806684584,percent,True,0.1607,38.35000000000001,True
4,2,Heather Mills,24.0,229159,0.11950947836727599,percent,False,1.0,38.35000000000001,True
4,2,Billy Ray Cyrus,21.0,160711,0.08381279697168778,percent,False,0.314457,38.35000000000001,True
4,2,Joey Fatone,24.0,185526,0.09675436558453336,percent,False,0.193564,38.35000000000001,True
4,2,Leeza Gibbons,21.0,154419,0.08053160259549792,percent,False,0.089006,38.35000000000001,True
4,3,John Ratzenberger,20.0,161329,0.09709821154773651,percent,False,0.154328,33.230000000000004,True
4,3,Ian Ziering,24.0,180789,0.10881048489829952,percent,False,0.123586,33.230000000000004,True
4,3,Clyde Drexler,16.0,147191,0.08858942711033477,percent,False,0.004955,33.230000000000004,True
4,3,Laila Ali,21.0,166108,0.09997476695221098,percent,False,0.314956,33.230000000000004,True
4,3,Apolo Anton Ohno,23.0,171105,0.10298234143449965,percent,False,0.154328,33.230000000000004,True
4,3,Shandi Finnessey,21.0,109083,0.06565359979840131,percent,True,0.092522,33.230000000000004,True
4,3,Heather Mills,24.0,204550,0.12311139365636811,percent,False,1.0,33.230000000000004,True
4,3,Billy Ray Cyrus,21.0,164817,0.09919773758425333,percent,False,0.314457,33.230000000000004,True
4,3,Joey Fatone,24.0,179034,0.10775470345173838,percent,False,0.193564,33.230000000000004,True
4,3,Leeza Gibbons,24.0,177494,0.1068273335661574,percent,False,0.089006,33.230000000000004,True
4,4,John Ratzenberger,16.0,155828,0.08618792858923591,percent,False,0.154328,36.16,True
4,4,Ian Ziering,24.0,224830,0.12435292015415952,percent,False,0.123586,36.16,True
4,4,Clyde Drexler,15.0,150605,0.08329939369516864,percent,False,0.004955,36.16,True
4,4,Laila Ali,21.0,199495,0.11034031091235671,percent,False,0.314956,36.16,True
4,4,Apolo Anton Ohno,26.0,233525,0.12916219630945866,percent,False,0.154328,36.16,True
4,4,Heather Mills,23.0,249430,0.13795887777967902,percent,False,1.0,36.16,True
4,4,Billy Ray Cyrus,21.0,196732,0.10881193390028998,percent,False,0.314457,36.16,True
4,4,Joey Fatone,28.0,256472,0.14185410558968364,percent,False,0.193564,36.16,True
4,4,Leeza Gibbons,16.0,141082,0.07803233306996797,percent,True,0.089006,36.16,True
4,5,John Ratzenberger,18.0,184754,0.10435137198144279,percent,False,0.154328,35.41,True
4,5,Ian Ziering,24.0,237057,0.1338926966734377,percent,False,0.123586,35.41,True
4,5,Clyde Drexler,13.0,133613,0.07546622578922,percent,True,0.004955,35.41,True
4,5,Laila Ali,28.0,280645,0.15851193010509326,percent,False,0.314956,35.41,True
4,5,Apolo Anton Ohno,30.0,284384,0.16062379813118693,percent,False,0.154328,35.41,True
4,5,Heather Mills,21.0,240340,0.13574715075304672,percent,False,1.0,35.41,True
4,5,Billy Ray Cyrus,17.0,168080,0.09493345277810486,percent,False,0.314457,35.41,True
4,5,Joey Fatone,25.0,241626,0.13647337378846777,percent,False,0.193564,35.41,True
4,6,John Ratzenberger,19.0,214113,0.12086557555616266,percent,False,0.154328,35.43,True
4,6,Ian Ziering,24.0,270001,0.15241371566450163,percent,False,0.123586,35.43,True
4,6,Laila Ali,28.0,272697,0.15393566905310396,percent,False,0.314956,35.43,True
4,6,Apolo Anton Ohno,28.0,261732,0.14774616004979127,percent,False,0.154328,35.43,True
4,6,Heather Mills,23.0,172431,0.09733600305601169,percent,True,1.0,35.43,True
4,6,Billy Ray Cyrus,21.0,321216,0.1813245165347691,percent,False,0.314457,35.43,True
4,6,Joey Fatone,27.0,259309,0.14637836008565974,percent,False,0.193564,35.43,True
4,7,John Ratzenberger,22.5,228362,0.1296405450760683,percent,True,0.154328,35.23000000000001,True
4,7,Ian Ziering,27.0,303741,0.17243301180554094,percent,False,0.123586,35.23000000000001,True
4,7,Laila Ali,29.5,345643,0.1962207872933208,percent,False,0.314956,35.23000000000001,True
4,7,Apolo Anton Ohno,27.0,285881,0.1622942072802799,percent,False,0.154328,35.23000000000001,True
4,7,Billy Ray Cyrus,19.0,268267,0.15229443027152978,percent,False,0.314457,35.23000000000001,True
4,7,Joey Fatone,29.5,329607,0.18711701827326038,percent,False,0.193564,35.23000000000001,True
4,8,Ian Ziering,23.5,343556,0.18928709801646018,percent,False,0.123586,36.3,True
4,8,Laila Ali,26.5,393128,0.21659942563734735,percent,False,0.314956,36.3,True
4,8,Apolo Anton Ohno,29.0,406884,0.22417859252174466,percent,False,0.154328,36.3,True
4,8,Billy Ray Cyrus,19.0,278041,0.15319036825399307,percent,True,0.314457,36.3,True
4,8,Joey Fatone,27.5,393391,0.21674451557045468,percent,False,0.193564,36.3,True
4,9,Ian Ziering,29.0,468822,0.24661852931586933,percent,True,0.123586,38.019999999999996,True
4,9,Laila Ali,30.0,494245,0.2599922010850531,percent,False,0.314956,38.019999999999996,True
4,9,Apolo Anton Ohno,29.5,460814,0.24240598207104624,percent,False,0.154328,38.019999999999996,True
4,9,Joey Fatone,30.0,477119,0.2509832875280313,percent,False,0.193564,38.019999999999996,True
4,10,Laila Ali,28.333200000000005,710726,0.32942107501139456,percent,False,0.314956,43.150000000000006,
4,10,Apolo Anton Ohno,29.3332,731894,0.33923239416335393,percent,False,0.154328,43.150000000000006,
4,10,Joey Fatone,28.6665,714880,0.33134653082525156,percent,False,0.193564,43.150000000000006,
5,1,Cameron Mathison,21.0,229701,0.0812239617178543,percent,False,0.075335,56.56,True
5,1,Jane Seymour,24.0,290655,0.10277766651970839,percent,False,0.461056,56.56,True
5,1,Sabrina Bryan,26.0,291777,0.10317426708989702,percent,False,0.430486,56.56,True
5,1,Jennie Garth,21.0,215280,0.07612447902669098,percent,False,0.275794,56.56,True
5,1,Floyd Mayweather Jr. ,18.0,199716,0.07062076716152692,percent,False,0.275794,56.56,True
5,1,Josie Maran,16.0,139602,0.04936420240659151,percent,True,0.147726,56.56,True
5,1,Albert Reed,21.0,213745,0.0755818000600801,percent,False,0.15578,56.56,True
5,1,Helio Castroneves,25.0,259088,0.09161535192185685,percent,False,0.133239,56.56,True
5,1,Mel B,24.0,234364,0.08287270826536401,percent,False,0.104055,56.56,True
5,1,Wayne Newton,19.0,221933,0.07847693739714247,percent,False,0.439919,56.56,True
5,1,Marie Osmond,21.0,275707,0.09749183445481167,percent,False,1.0,56.56,True
5,1,Mark Cuban,21.0,256432,0.09067602397847586,percent,False,0.442315,56.56,True
5,2,Cameron Mathison,21.0,166607,0.08607947312750779,percent,False,0.075335,38.709999999999994,True
5,2,Jane Seymour,21.0,184840,0.09549977474109098,percent,False,0.461056,38.709999999999994,True
5,2,Sabrina Bryan,26.0,213487,0.11030069095465192,percent,False,0.430486,38.709999999999994,True
5,2,Jennie Garth,21.0,156816,0.08102116156695675,percent,False,0.275794,38.709999999999994,True
5,2,Floyd Mayweather Jr. ,21.0,169361,0.08750230873356009,percent,False,0.275794,38.709999999999994,True
5,2,Albert Reed,21.0,88784,0.04587145059622065,percent,True,0.15578,38.709999999999994,True
5,2,Helio Castroneves,27.0,204663,0.10574166602146948,percent,False,0.133239,38.709999999999994,True
5,2,Mel B,23.0,163870,0.08466529658753005,percent,False,0.104055,38.709999999999994,True
5,2,Wayne Newton,15.0,137580,0.07108251074945182,percent,False,0.439919,38.709999999999994,True
5,2,Marie Osmond,24.0,230469,0.11907476609041236,percent,False,1.0,38.709999999999994,True
5,2,Mark Cuban,18.0,219023,0.11316090083114813,percent,False,0.442315,38.709999999999994,True
5,3,Cameron Mathison,23.0,168292,0.0935472649220138,percent,False,0.075335,35.980000000000004,True
5,3,Jane Seymour,27.0,218736,0.12158770475153663,percent,False,0.461056,35.980000000000004,True
5,3,Sabrina Bryan,27.0,202690,0.11266789835424251,percent,False,0.430486,35.980000000000004,True
5,3,Jennie Garth,26.0,178299,0.09910983915364995,percent,False,0.275794,35.980000000000004,True
5,3,Floyd Mayweather Jr. ,21.0,155865,0.0866398327565842,percent,False,0.275794,35.980000000000004,True
5,3,Helio Castroneves,24.0,166383,0.0924863993248066,percent,False,0.133239,35.980000000000004,True
5,3,Mel B,27.0,176374,0.09803980500607676,percent,False,0.104055,35.980000000000004,True
5,3,Wayne Newton,18.0,140647,0.07818066044646078,percent,True,0.439919,35.980000000000004,True
5,3,Marie Osmond,26.0,228345,0.12692894789106654,percent,False,1.0,35.980000000000004,True
5,3,Mark Cuban,20.0,163370,0.09081164739356232,percent,False,0.442315,35.980000000000004,True
5,4,Cameron Mathison,27.0,206642,0.11261159507885052,percent,False,0.075335,36.7,True
5,4,Jane Seymour,26.0,220319,0.12006469982031731,percent,False,0.461056,36.7,True
5,4,Sabrina Bryan,30.0,235564,0.12837301592423578,percent,False,0.430486,36.7,True
5,4,Jennie Garth,27.0,193669,0.10554149094112143,percent,False,0.275794,36.7,True
5,4,Floyd Mayweather Jr. ,23.0,178558,0.0973065867375657,percent,True,0.275794,36.7,True
5,4,Helio Castroneves,27.0,195786,0.10669559488396581,percent,False,0.133239,36.7,True
5,4,Mel B,26.0,177650,0.09681177733971211,percent,False,0.104055,36.7,True
5,4,Marie Osmond,26.0,238843,0.13015977700788825,percent,False,1.0,36.7,True
5,4,Mark Cuban,22.0,187969,0.1024354622663431,percent,False,0.442315,36.7,True
5,5,Cameron Mathison,26.0,252165,0.1279049237827215,percent,False,0.075335,39.43,True
5,5,Jane Seymour,26.0,279194,0.14161521008334574,percent,False,0.461056,39.43,True
5,5,Sabrina Bryan,28.0,278613,0.14132048440710748,percent,False,0.430486,39.43,True
5,5,Jennie Garth,25.0,227243,0.11526410672824239,percent,False,0.275794,39.43,True
5,5,Helio Castroneves,23.0,211350,0.10720255176370069,percent,False,0.133239,39.43,True
5,5,Mel B,29.0,251098,0.1273641875067939,percent,False,0.104055,39.43,True
5,5,Marie Osmond,21.0,244464,0.1239987433542309,percent,False,1.0,39.43,True
5,5,Mark Cuban,21.0,227373,0.11532979237385735,percent,True,0.442315,39.43,True
5,6,Cameron Mathison,25.0,285583,0.1417638128780107,percent,False,0.075335,40.29,True
5,6,Jane Seymour,22.0,279453,0.13872067046255757,percent,False,0.461056,40.29,True
5,6,Sabrina Bryan,25.0,234474,0.11639323273973784,percent,True,0.430486,40.29,True
5,6,Jennie Garth,27.0,289790,0.143852231509919,percent,False,0.275794,40.29,True
5,6,Helio Castroneves,28.0,303391,0.15060345878277295,percent,False,0.133239,40.29,True
5,6,Mel B,30.0,306213,0.1520043897927582,percent,False,0.104055,40.29,True
5,6,Marie Osmond,23.0,315596,0.15666220383424373,percent,False,1.0,40.29,True
5,7,Cameron Mathison,25.5,319355,0.17018659735920455,percent,False,0.075335,37.53,True
5,7,Jane Seymour,25.0,299274,0.15948508616773474,percent,True,0.461056,37.53,True
5,7,Jennie Garth,26.5,303312,0.16163703891637105,percent,False,0.275794,37.53,True
5,7,Helio Castroneves,26.0,287246,0.15307538986217678,percent,False,0.133239,37.53,True
5,7,Mel B,27.0,296422,0.157965146688913,percent,False,0.104055,37.53,True
5,7,Marie Osmond,26.0,370892,0.1976507410055999,percent,False,1.0,37.53,True
5,8,Cameron Mathison,25.5,364695,0.1851246080928663,percent,True,0.075335,39.4,True
5,8,Jennie Garth,25.0,372186,0.1889270845729781,percent,False,0.275794,39.4,True
5,8,Helio Castroneves,28.5,408959,0.20759336342270046,percent,False,0.133239,39.4,True
5,8,Mel B,28.0,393530,0.19976146868805178,percent,False,0.104055,39.4,True
5,8,Marie Osmond,24.5,430629,0.2185934752234035,percent,False,1.0,39.4,True
5,9,Jennie Garth,29.0,513153,0.2343162618550756,percent,True,0.275794,43.8,True
5,9,Helio Castroneves,30.0,536652,0.24504672005001443,percent,False,0.133239,43.8,True
5,9,Mel B,30.0,505668,0.2308984079012755,percent,False,0.104055,43.8,True
5,9,Marie Osmond,28.0,634528,0.28973861019363456,percent,False,1.0,43.8,True
5,10,Helio Castroneves,27.999900000000004,862678,0.3513964835530956,percent,False,0.133239,49.1,
5,10,Mel B,28.333199999999998,869323,0.3541031989836771,percent,False,0.104055,49.1,
5,10,Marie Osmond,23.0,722998,0.2945003174632274,percent,False,1.0,49.1,
6,1,Cristian de la Fuente,21.0,164447,0.08616539364833839,percent,False,0.007174,38.17000000000001,
6,1,Steve Guttenberg,18.0,137709,0.07215564202415825,percent,False,0.005592,38.17000000000001,
6,1,Priscilla Presley,24.0,193098,0.1011780757178656,percent,False,0.08406,38.17000000000001,
6,1,Marlee Matlin,22.0,174836,0.09160915653568988,percent,False,0.023862,38.17000000000001,
6,1,Shannon Elizabeth,21.0,163953,0.0859068685116332,percent,False,0.099385,38.17000000000001,
6,1,Marissa Jaret Winokur,18.0,137381,0.07198359845566073,percent,False,0.010909,38.17000000000001,
6,1,Jason Taylor,22.0,174422,0.09139227165504987,percent,False,0.055201,38.17000000000001,
6,1,Kristi Yamaguchi,27.0,218657,0.11456982811790897,percent,False,0.023097,38.17000000000001,
6,1,Monica Seles,15.0,110485,0.05789076127666564,percent,False,0.014974,38.17000000000001,
6,1,Penn Jillette,16.0,116901,0.0612526146653768,percent,False,0.023862,38.17000000000001,
6,1,Adam Carolla,15.0,111803,0.05858156336774035,percent,False,0.024685,38.17000000000001,
6,1,Mario,24.0,204809,0.10731422602391236,percent,False,1.0,38.17000000000001,
6,2,Cristian de la Fuente,20.0,146555,0.07713445306236677,percent,False,0.007174,38.0,True
6,2,Steve Guttenberg,16.0,118857,0.0625565515459296,percent,False,0.005592,38.0,True
6,2,Priscilla Presley,21.0,158868,0.08361471915260577,percent,False,0.08406,38.0,True
6,2,Marlee Matlin,24.0,189648,0.0998145439602051,percent,False,0.023862,38.0,True
6,2,Shannon Elizabeth,24.0,162102,0.08531698216268281,percent,False,0.099385,38.0,True
6,2,Marissa Jaret Winokur,21.0,151512,0.079742934869644,percent,False,0.010909,38.0,True
6,2,Jason Taylor,27.0,205030,0.10791046110333552,percent,False,0.055201,38.0,True
6,2,Kristi Yamaguchi,27.0,180587,0.09504565074804003,percent,False,0.023097,38.0,True
6,2,Monica Seles,15.0,99885,0.05257098052997556,percent,True,0.014974,38.0,True
6,2,Penn Jillette,17.0,87797,0.04620869915095272,percent,True,0.023862,38.0,True
6,2,Adam Carolla,19.0,144088,0.07583586327509506,percent,False,0.024685,38.0,True
6,2,Mario,26.0,255072,0.13424816043916707,percent,False,1.0,38.0,True
6,3,Cristian de la Fuente,25.0,200947,0.10620868945420799,percent,False,0.007174,37.84000000000001,True
6,3,Steve Guttenberg,21.0,152479,0.0805916678475912,percent,True,0.005592,37.84000000000001,True
6,3,Priscilla Presley,26.0,214800,0.11353069013299334,percent,False,0.08406,37.84000000000001,True
6,3,Marlee Matlin,21.0,185021,0.09779144662449842,percent,False,0.023862,37.84000000000001,True
6,3,Shannon Elizabeth,24.0,177614,0.09387629735460178,percent,False,0.099385,37.84000000000001,True
6,3,Marissa Jaret Winokur,19.0,169077,0.08936406880046377,percent,False,0.010909,37.84000000000001,True
6,3,Jason Taylor,23.0,192875,0.1019426311040486,percent,False,0.055201,37.84000000000001,True
6,3,Kristi Yamaguchi,27.0,196135,0.10366548283171005,percent,False,0.023097,37.84000000000001,True
6,3,Adam Carolla,21.0,177494,0.09381310925023742,percent,False,0.024685,37.84000000000001,True
6,3,Mario,21.0,225557,0.1192159165996475,percent,False,1.0,37.84000000000001,True
6,4,Cristian de la Fuente,26.0,205338,0.11190082509268061,percent,False,0.007174,36.7,True
6,4,Priscilla Presley,22.0,179376,0.0977524505559135,percent,False,0.08406,36.7,True
6,4,Marlee Matlin,24.0,204396,0.11138721845159155,percent,False,0.023862,36.7,True
6,4,Shannon Elizabeth,28.0,203826,0.11107691436148429,percent,False,0.099385,36.7,True
6,4,Marissa Jaret Winokur,24.0,186622,0.1017011103523796,percent,False,0.010909,36.7,True
6,4,Jason Taylor,29.0,237342,0.12934192315631216,percent,False,0.055201,36.7,True
6,4,Kristi Yamaguchi,29.0,209047,0.11392210847608515,percent,False,0.023097,36.7,True
6,4,Adam Carolla,19.0,155293,0.08462840718398133,percent,True,0.024685,36.7,True
6,4,Mario,24.0,253760,0.1382890423695718,percent,False,1.0,36.7,True
6,5,Cristian de la Fuente,23.0,184039,0.11283838433669491,percent,False,0.007174,32.62,True
6,5,Priscilla Presley,21.0,173479,0.10636367877353556,percent,True,0.08406,32.62,True
6,5,Marlee Matlin,22.0,189832,0.11639005685891093,percent,False,0.023862,32.62,True
6,5,Shannon Elizabeth,23.0,169635,0.10400702973384787,percent,False,0.099385,32.62,True
6,5,Marissa Jaret Winokur,24.0,189081,0.11592971729484164,percent,False,0.010909,32.62,True
6,5,Jason Taylor,27.0,223887,0.13726953504510753,percent,False,0.055201,32.62,True
6,5,Kristi Yamaguchi,29.0,211802,0.12986050775096342,percent,False,0.023097,32.62,True
6,5,Mario,27.0,289243,0.17734109020609817,percent,False,1.0,32.62,True
6,6,Cristian de la Fuente,27.0,259818,0.14430297932912192,percent,False,0.007174,36.01,True
6,6,Marlee Matlin,21.0,217916,0.12103054941586934,percent,True,0.023862,36.01,True
6,6,Shannon Elizabeth,24.0,212874,0.11823025057729637,percent,False,0.099385,36.01,True
6,6,Marissa Jaret Winokur,26.0,246339,0.1368167889874631,percent,False,0.010909,36.01,True
6,6,Jason Taylor,24.0,239330,0.13292422923136452,percent,False,0.055201,36.01,True
6,6,Kristi Yamaguchi,30.0,263497,0.1463466764303082,percent,False,0.023097,36.01,True
6,6,Mario,28.0,360728,0.20034852602857653,percent,False,1.0,36.01,True
6,7,Cristian de la Fuente,23.0,272807,0.1546527072074427,percent,False,0.007174,35.28,True
6,7,Shannon Elizabeth,25.5,244263,0.13847101235184128,percent,True,0.099385,35.28,True
6,7,Marissa Jaret Winokur,26.0,286822,0.1625976730667203,percent,False,0.010909,35.28,True
6,7,Jason Taylor,27.5,321617,0.18232274973982432,percent,False,0.055201,35.28,True
6,7,Kristi Yamaguchi,27.0,254933,0.14451956770236268,percent,False,0.023097,35.28,True
6,7,Mario,25.5,383558,0.21743628993180875,percent,False,1.0,35.28,True
6,8,Cristian de la Fuente,28.5,405224,0.22216249103438138,percent,False,0.007174,36.480000000000004,True
6,8,Marissa Jaret Winokur,25.0,361450,0.19816327232924077,percent,False,0.010909,36.480000000000004,True
6,8,Jason Taylor,26.0,365221,0.2002307425636887,percent,False,0.055201,36.480000000000004,True
6,8,Kristi Yamaguchi,27.5,351151,0.19251679894468027,percent,False,0.023097,36.480000000000004,True
6,8,Mario,26.5,340954,0.1869266951280088,percent,True,1.0,36.480000000000004,True
6,9,Cristian de la Fuente,28.0,459197,0.25899418559377574,percent,False,0.007174,35.459999999999994,True
6,9,Marissa Jaret Winokur,26.0,419825,0.23678808372865262,percent,True,0.010909,35.459999999999994,True
6,9,Jason Taylor,27.5,467363,0.26360039224925375,percent,False,0.055201,35.459999999999994,True
6,9,Kristi Yamaguchi,28.5,426615,0.24061733842831795,percent,False,0.023097,35.459999999999994,True
6,10,Cristian de la Fuente,26.0,597790,0.3039094203294834,percent,False,0.007174,39.34,
6,10,Jason Taylor,28.5,668269,0.3397402986203912,percent,False,0.055201,39.34,
6,10,Kristi Yamaguchi,30.0,700941,0.35635028105012545,percent,False,0.023097,39.34,
7,1,Ted McGinley,18.5,133555,0.0481191344519523,percent,True,0.016789,55.51,True
7,1,Cloris Leachman,16.0,203627,0.07336578476895836,percent,False,0.112294,55.51,True
7,1,Susan Lucci,18.5,208012,0.07494589197264577,percent,False,0.096285,55.51,True
7,1,Cody Linley,20.5,224215,0.0807836540300167,percent,False,0.091415,55.51,True
7,1,Misty May-Treanor,21.0,218299,0.07865229985948523,percent,False,0.007461,55.51,True
7,1,Maurice Greene,19.5,219568,0.07910922828316176,percent,False,0.083585,55.51,True
7,1,Warren Sapp,21.5,239771,0.08638836409404715,percent,False,0.065302,55.51,True
7,1,Jeffrey Ross,12.0,147111,0.053003518967972126,percent,True,0.001104,55.51,True
7,1,Toni Braxton,22.5,214420,0.07725468556589823,percent,False,0.083585,55.51,True
7,1,Lance Bass,21.5,238471,0.08591985464498478,percent,False,0.051424,55.51,True
7,1,Kim Kardashian,18.5,271112,0.09768036164173775,percent,False,1.0,55.51,True
7,1,Rocco DiSpirito,17.5,189565,0.06829937806122915,percent,False,0.02048,55.51,True
7,1,Brooke Burke,24.5,267774,0.09647784365791076,percent,False,0.274181,55.51,True
7,2,Cloris Leachman,15.0,167730,0.09760251384292969,percent,False,0.112294,34.37,True
7,2,Susan Lucci,21.0,153245,0.08917352845149847,percent,False,0.096285,34.37,True
7,2,Cody Linley,21.0,149908,0.08723159845320014,percent,False,0.091415,34.37,True
7,2,Misty May-Treanor,21.0,142557,0.08295451960354538,percent,False,0.007461,34.37,True
7,2,Maurice Greene,19.0,148211,0.0862442005431995,percent,False,0.083585,34.37,True
7,2,Warren Sapp,24.0,179705,0.10457056323663506,percent,False,0.065302,34.37,True
7,2,Toni Braxton,23.0,151950,0.0884199099455565,percent,False,0.083585,34.37,True
7,2,Lance Bass,20.0,141472,0.08232288341830431,percent,False,0.051424,34.37,True
7,2,Kim Kardashian,17.0,147171,0.08563913181360895,percent,True,1.0,34.37,True
7,2,Rocco DiSpirito,16.0,154947,0.09016424059119206,percent,False,0.02048,34.37,True
7,2,Brooke Burke,24.0,181606,0.10567691010032997,percent,False,0.274181,34.37,True
7,3,Cloris Leachman,16.0,129982,0.07727831174431687,percent,False,0.112294,33.64,
7,3,Susan Lucci,21.0,175918,0.1045886245142261,percent,False,0.096285,33.64,
7,3,Cody Linley,21.0,175469,0.10432164909365738,percent,False,0.091415,33.64,
7,3,Maurice Greene,24.0,205303,0.12205886780001385,percent,False,0.083585,33.64,
7,3,Warren Sapp,25.0,214927,0.12778037945632473,percent,False,0.065302,33.64,
7,3,Toni Braxton,22.0,183135,0.10887934812091205,percent,False,0.083585,33.64,
7,3,Lance Bass,22.0,185122,0.11006085448038708,percent,False,0.051424,33.64,
7,3,Rocco DiSpirito,20.0,165223,0.09823012877241485,percent,False,0.02048,33.64,
7,3,Brooke Burke,28.0,246921,0.14680183601774713,percent,False,0.274181,33.64,
7,4,Cloris Leachman,22.0,202789,0.1244866051577822,percent,False,0.112294,32.58,True
7,4,Susan Lucci,24.0,195450,0.11998133890958858,percent,False,0.096285,32.58,True
7,4,Cody Linley,23.0,182199,0.1118468677772614,percent,False,0.091415,32.58,True
7,4,Maurice Greene,20.0,163106,0.10012646655255643,percent,False,0.083585,32.58,True
7,4,Warren Sapp,22.0,177700,0.10908519916708846,percent,False,0.065302,32.58,True
7,4,Toni Braxton,22.0,151849,0.09321619038579466,percent,False,0.083585,32.58,True
7,4,Lance Bass,26.0,208870,0.12821970687191397,percent,False,0.051424,32.58,True
7,4,Rocco DiSpirito,18.0,141221,0.08669170877713556,percent,True,0.02048,32.58,True
7,4,Brooke Burke,26.0,205817,0.12634591640087883,percent,False,0.274181,32.58,True
7,5,Cloris Leachman,21.0,215280,0.12354685212268947,percent,False,0.112294,34.85,True
7,5,Susan Lucci,22.0,199256,0.11435037397440023,percent,False,0.096285,34.85,True
7,5,Cody Linley,28.0,246683,0.14156844633641277,percent,False,0.091415,34.85,True
7,5,Maurice Greene,27.0,244888,0.14053842913501144,percent,False,0.083585,34.85,True
7,5,Warren Sapp,25.0,224579,0.12888299483063848,percent,False,0.065302,34.85,True
7,5,Toni Braxton,22.0,168879,0.09691785565454868,percent,True,0.083585,34.85,True
7,5,Lance Bass,21.0,187623,0.10767457671071225,percent,False,0.051424,34.85,True
7,5,Brooke Burke,29.0,255312,0.1465204712355867,percent,False,0.274181,34.85,True
7,6,Cloris Leachman,15.0,192600,0.10605721658561905,percent,True,0.112294,36.32,True
7,6,Susan Lucci,23.0,260913,0.14367437668450092,percent,False,0.096285,36.32,True
7,6,Cody Linley,23.0,253798,0.13975676833456294,percent,False,0.091415,36.32,True
7,6,Maurice Greene,21.0,238563,0.13136728145928092,percent,False,0.083585,36.32,True
7,6,Warren Sapp,25.0,281286,0.15489313863239015,percent,False,0.065302,36.32,True
7,6,Lance Bass,27.0,302141,0.16637735630565648,percent,False,0.051424,36.32,True
7,6,Brooke Burke,26.0,286699,0.15787386199798958,percent,False,0.274181,36.32,True
7,7,Susan Lucci,24.0,208153,0.126383112668124,percent,True,0.096285,32.94,True
7,7,Cody Linley,22.0,248176,0.1506836166114732,percent,False,0.091415,32.94,True
7,7,Maurice Greene,25.0,303719,0.18440769309256275,percent,False,0.083585,32.94,True
7,7,Warren Sapp,21.0,241765,0.14679136312433166,percent,False,0.065302,32.94,True
7,7,Lance Bass,25.0,300270,0.1823131787368776,percent,False,0.051424,32.94,True
7,7,Brooke Burke,30.0,344916,0.20942103576663065,percent,False,0.274181,32.94,True
7,8,Cody Linley,24.0,331147,0.1880980400009187,percent,False,0.091415,35.21,True
7,8,Maurice Greene,24.0,331146,0.1880975911045491,percent,True,0.083585,35.21,True
7,8,Warren Sapp,27.0,369469,0.20986578015735813,percent,False,0.065302,35.21,True
7,8,Lance Bass,25.0,340737,0.19354577981126908,percent,False,0.051424,35.21,True
7,8,Brooke Burke,27.5,388002,0.22039280892590488,percent,False,0.274181,35.21,True
7,9,Cody Linley,23.0,422262,0.2269005822658613,percent,True,0.091415,37.22,True
7,9,Warren Sapp,24.5,458635,0.24644557031658243,percent,False,0.065302,37.22,True
7,9,Lance Bass,28.5,530621,0.28512682345604745,percent,False,0.051424,37.22,True
7,9,Brooke Burke,24.5,449482,0.24152702396150882,percent,False,0.274181,37.22,True
7,10,Warren Sapp,27.5,670487,0.3212683680597941,percent,False,0.065302,41.739999999999995,
7,10,Lance Bass,27.5,669813,0.3209451394201231,percent,False,0.051424,41.739999999999995,
7,10,Brooke Burke,30.0,746700,0.3577864925200828,percent,False,0.274181,41.739999999999995,
8,1,Gilles Marini,24.0,116231,0.10182287788887867,percent,False,0.211254,22.82999999999999,
8,1,Denise Richards,18.0,83505,0.07315362100378836,percent,False,0.314444,22.82999999999999,
8,1,David Alan Grier,19.0,88629,0.0776423486316982,percent,False,0.211254,22.82999999999999,
8,1,Lawrence Taylor,16.0,71859,0.0629514332761956,percent,False,0.031105,22.82999999999999,
8,1,Ty Murray,14.0,61620,0.053981769479042103,percent,False,0.095783,22.82999999999999,
8,1,Shawn Johnson,23.0,114562,0.10036124052143666,percent,False,0.834149,22.82999999999999,
8,1,Steve Wozniak,13.0,57003,0.04993719588323372,percent,False,0.143667,22.82999999999999,
8,1,Belinda Carlisle,17.0,76343,0.06687968761621896,percent,False,0.082683,22.82999999999999,
8,1,Chuck Wicks,20.0,93198,0.0816452769123377,percent,False,0.186527,22.82999999999999,
8,1,Lil' Kim,21.0,103651,0.09080243224160323,percent,False,1.0,22.82999999999999,
8,1,Steve-O,17.0,77872,0.06821857573333885,percent,False,0.155554,22.82999999999999,
8,1,Holly Madison,18.0,84533,0.07405442887190246,percent,False,0.56989,22.82999999999999,
8,1,Melissa Rycroft,23.0,112494,0.09854911194032545,percent,False,0.471561,22.82999999999999,
8,2,Gilles Marini,27.0,67715,0.10630364419024275,percent,False,0.211254,12.74,True
8,2,Denise Richards,21.0,48501,0.07613902429742493,percent,False,0.314444,12.74,True
8,2,David Alan Grier,17.0,35811,0.056217787321747266,percent,False,0.211254,12.74,True
8,2,Lawrence Taylor,20.0,42293,0.06639375299570706,percent,False,0.031105,12.74,True
8,2,Ty Murray,20.0,41758,0.06555449496314109,percent,False,0.095783,12.74,True
8,2,Shawn Johnson,24.0,69306,0.10880066796569433,percent,False,0.834149,12.74,True
8,2,Steve Wozniak,17.0,44615,0.07003930672326508,percent,False,0.143667,12.74,True
8,2,Belinda Carlisle,18.0,29331,0.04604518326504112,percent,True,0.082683,12.74,True
8,2,Chuck Wicks,20.0,40537,0.0636379418644361,percent,False,0.186527,12.74,True
8,2,Lil' Kim,23.0,65737,0.1031973173303789,percent,False,1.0,12.74,True
8,2,Steve-O,14.0,38946,0.0611401584315127,percent,False,0.155554,12.74,True
8,2,Holly Madison,18.0,41256,0.06476560083143694,percent,False,0.56989,12.74,True
8,2,Melissa Rycroft,26.0,71194,0.11176511981997175,percent,False,0.471561,12.74,True
8,3,Gilles Marini,27.0,187131,0.10265021703660875,percent,False,0.211254,36.459999999999994,True
8,3,Denise Richards,16.0,39839,0.021853333010995873,percent,True,0.314444,36.459999999999994,True
8,3,David Alan Grier,24.0,171814,0.09424774276075908,percent,False,0.211254,36.459999999999994,True
8,3,Lawrence Taylor,20.0,146908,0.08058592290239758,percent,False,0.031105,36.459999999999994,True
8,3,Ty Murray,23.0,159567,0.0875296447460828,percent,False,0.095783,36.459999999999994,True
8,3,Shawn Johnson,27.0,206800,0.11343914730191185,percent,False,0.834149,36.459999999999994,True
8,3,Steve Wozniak,10.0,82902,0.04547549625756607,percent,False,0.143667,36.459999999999994,True
8,3,Chuck Wicks,23.0,156265,0.08571851373149769,percent,False,0.186527,36.459999999999994,True
8,3,Lil' Kim,25.0,194333,0.10660056659091444,percent,False,1.0,36.459999999999994,True
8,3,Steve-O,15.0,139529,0.07653794889309508,percent,False,0.155554,36.459999999999994,True
8,3,Holly Madison,17.0,139298,0.07641121762478585,percent,False,0.56989,36.459999999999994,True
8,3,Melissa Rycroft,27.0,198616,0.10895024914338501,percent,False,0.471561,36.459999999999994,True
8,4,Gilles Marini,30.0,210277,0.12372850379867309,percent,False,0.211254,33.99,True
8,4,David Alan Grier,22.0,148163,0.08718048861738108,percent,False,0.211254,33.99,True
8,4,Lawrence Taylor,19.0,117967,0.06941248634804761,percent,False,0.031105,33.99,True
8,4,Ty Murray,25.0,159839,0.09405060584106324,percent,False,0.095783,33.99,True
8,4,Shawn Johnson,25.0,199783,0.11755373678021615,percent,False,0.834149,33.99,True
8,4,Steve Wozniak,12.0,71066,0.041815595909748,percent,True,0.143667,33.99,True
8,4,Chuck Wicks,22.0,134111,0.0789122561404976,percent,False,0.186527,33.99,True
8,4,Lil' Kim,27.0,216837,0.12758864613096585,percent,False,1.0,33.99,True
8,4,Steve-O,15.0,113727,0.06691763049336096,percent,False,0.155554,33.99,True
8,4,Holly Madison,16.0,106702,0.0627846198439845,percent,True,0.56989,33.99,True
8,4,Melissa Rycroft,29.0,221029,0.1300554300960619,percent,False,0.471561,33.99,True
8,5,Gilles Marini,29.0,231291,0.13431531043463388,percent,False,0.211254,34.44,True
8,5,David Alan Grier,22.0,101824,0.059131130524695416,percent,True,0.211254,34.44,True
8,5,Lawrence Taylor,20.0,193242,0.11221940909766692,percent,False,0.031105,34.44,True
8,5,Ty Murray,21.0,210457,0.122216377859382,percent,False,0.095783,34.44,True
8,5,Shawn Johnson,26.0,237881,0.13814231162273782,percent,False,0.834149,34.44,True
8,5,Chuck Wicks,23.0,161396,0.09372583297859517,percent,False,0.186527,34.44,True
8,5,Lil' Kim,26.0,235736,0.1368963761645434,percent,False,1.0,34.44,True
8,5,Steve-O,18.0,134625,0.07817940071502755,percent,False,0.155554,34.44,True
8,5,Melissa Rycroft,25.0,215549,0.12517385060271793,percent,False,0.471561,34.44,True
8,6,Gilles Marini,26.0,235413,0.13568489071806064,percent,False,0.211254,34.7,True
8,6,Lawrence Taylor,22.0,188958,0.10890928126069535,percent,False,0.031105,34.7,True
8,6,Ty Murray,18.0,152289,0.08777491455188932,percent,False,0.095783,34.7,True
8,6,Shawn Johnson,26.0,269627,0.15540485069514284,percent,False,0.834149,34.7,True
8,6,Chuck Wicks,23.0,188530,0.10866308415336388,percent,False,0.186527,34.7,True
8,6,Lil' Kim,28.0,288260,0.16614420683952594,percent,False,1.0,34.7,True
8,6,Steve-O,16.0,146651,0.08452531026720736,percent,True,0.155554,34.7,True
8,6,Melissa Rycroft,27.0,265270,0.15289346151411465,percent,False,0.471561,34.7,True
8,7,Gilles Marini,27.0,254629,0.14447031486292905,percent,False,0.211254,35.25,True
8,7,Lawrence Taylor,21.0,187866,0.10659043136825253,percent,True,0.031105,35.25,True
8,7,Ty Murray,24.0,211493,0.11999575037881467,percent,False,0.095783,35.25,True
8,7,Shawn Johnson,28.0,302437,0.17159552891965918,percent,False,0.834149,35.25,True
8,7,Chuck Wicks,27.0,230517,0.13079003903295922,percent,False,0.186527,35.25,True
8,7,Lil' Kim,26.0,278796,0.15818206228725457,percent,False,1.0,35.25,True
8,7,Melissa Rycroft,29.0,296762,0.16837587315013058,percent,False,0.471561,35.25,True
8,8,Gilles Marini,27.5,289229,0.17038553511042365,percent,False,0.211254,33.949999999999996,True
8,8,Ty Murray,26.0,255355,0.15042980434237396,percent,False,0.095783,33.949999999999996,True
8,8,Shawn Johnson,26.0,313185,0.1844977490799989,percent,False,0.834149,33.949999999999996,True
8,8,Chuck Wicks,25.5,238960,0.1407717915595324,percent,True,0.186527,33.949999999999996,True
8,8,Lil' Kim,28.0,334607,0.19711729686677584,percent,False,1.0,33.949999999999996,True
8,8,Melissa Rycroft,23.0,266164,0.1567978230408952,percent,False,0.471561,33.949999999999996,True
8,9,Gilles Marini,28.0,281437,0.16155945868634836,percent,False,0.211254,34.84,True
8,9,Ty Murray,23.0,344618,0.19782876053552254,percent,False,0.095783,34.84,True
8,9,Shawn Johnson,28.0,424697,0.24379863520918146,percent,False,0.834149,34.84,True
8,9,Lil' Kim,26.0,305471,0.17535670178696708,percent,True,1.0,34.84,True
8,9,Melissa Rycroft,28.5,385777,0.22145644378198054,percent,False,0.471561,34.84,True
8,10,Gilles Marini,30.0,427820,0.2623858370452447,percent,False,0.211254,32.61,True
8,10,Ty Murray,24.0,319809,0.1961417948845228,percent,True,0.095783,32.61,True
8,10,Shawn Johnson,28.0,457331,0.28048539160829195,percent,False,0.834149,32.61,True
8,10,Melissa Rycroft,27.5,425539,0.2609869764619406,percent,False,0.471561,32.61,True
8,11,Gilles Marini,29.0,642691,0.32557826080297897,percent,False,0.211254,39.480000000000004,
8,11,Shawn Johnson,30.0,691210,0.35015681845269647,percent,False,0.834149,39.480000000000004,
8,11,Melissa Rycroft,28.5,640099,0.3242649207443245,percent,False,0.471561,39.480000000000004,
9,1,Ashley Hamiliton,18.9999,117201,0.048310195775971336,percent,True,0.156875,48.519999999999996,True
9,1,Debi Mazar,22.0,123785,0.0510242935019211,percent,False,0.06088,48.519999999999996,True
9,1,Melissa Joan Hart,24.0,135062,0.055672730223374316,percent,False,0.137814,48.519999999999996,True
9,1,Mark Dacascos,28.9998,173145,0.07137039379529661,percent,False,0.052004,48.519999999999996,True
9,1,Chuck Liddell,22.0,132851,0.05476131207268926,percent,False,0.146455,48.519999999999996,True
9,1,Natalie Coughlin,26.9998,142533,0.058752208133145384,percent,False,0.066116,48.519999999999996,True
9,1,Louie Vito,26.9998,156980,0.06470730006539685,percent,False,0.098535,48.519999999999996,True
9,1,Michael Irvin,19.0,124291,0.05123297453211186,percent,False,0.042229,48.519999999999996,True
9,1,Joanna Krupa,33.9999,191786,0.079054329087709,percent,False,0.423662,48.519999999999996,True
9,1,Kathy Ireland,19.9999,111227,0.04584787820241564,percent,False,0.15815,48.519999999999996,True
9,1,Tom DeLay,19.9999,140130,0.05776170729048717,percent,False,0.195036,48.519999999999996,True
9,1,Macy Gray,18.9999,100896,0.04158940296388268,percent,True,0.085282,48.519999999999996,True
9,1,Aaron Carter,31.999899999999997,191701,0.07901942430132301,percent,False,0.29042,48.519999999999996,True
9,1,Mya,30.999899999999997,219732,0.09057383523955491,percent,False,1.0,48.519999999999996,True
9,1,Donny Osmond,29.999899999999997,174635,0.07198490136999927,percent,False,0.156875,48.519999999999996,True
9,1,Kelly Osbourne,30.9998,190046,0.07833711344472166,percent,False,0.191103,48.519999999999996,True
9,2,Debi Mazar,21.0,99390,0.06614976416301827,percent,False,0.06088,30.050000000000004,True
9,2,Melissa Joan Hart,19.0,89406,0.059504618427118953,percent,False,0.137814,30.050000000000004,True
9,2,Mark Dacascos,21.0,107459,0.07152012501592278,percent,False,0.052004,30.050000000000004,True
9,2,Chuck Liddell,19.0,97996,0.0652220885321233,percent,False,0.146455,30.050000000000004,True
9,2,Natalie Coughlin,21.0,91266,0.060742478780092174,percent,False,0.066116,30.050000000000004,True
9,2,Louie Vito,19.0,93607,0.06230050700823612,percent,False,0.098535,30.050000000000004,True
9,2,Michael Irvin,20.0,115065,0.07658226083355765,percent,False,0.042229,30.050000000000004,True
9,2,Joanna Krupa,20.0,92293,0.061426316797441045,percent,False,0.423662,30.050000000000004,True
9,2,Kathy Ireland,18.0,83245,0.055404332812101054,percent,True,0.15815,30.050000000000004,True
9,2,Tom DeLay,18.0,111811,0.07441681530237754,percent,False,0.195036,30.050000000000004,True
9,2,Aaron Carter,27.0,136387,0.09077364704497118,percent,False,0.29042,30.050000000000004,True
9,2,Mya,27.0,162135,0.10791004688772345,percent,False,1.0,30.050000000000004,True
9,2,Donny Osmond,25.0,122824,0.08174657720797839,percent,False,0.156875,30.050000000000004,True
9,2,Kelly Osbourne,19.0,99616,0.06630042118733807,percent,False,0.191103,30.050000000000004,True
9,3,Debi Mazar,17.0,63278,0.04398905096787488,percent,True,0.06088,28.769999999999996,True
9,3,Melissa Joan Hart,19.0,101775,0.07075109438113168,percent,False,0.137814,28.769999999999996,True
9,3,Mark Dacascos,18.0,104139,0.07239440868756719,percent,False,0.052004,28.769999999999996,True
9,3,Chuck Liddell,17.0,100155,0.06962468932638752,percent,False,0.146455,28.769999999999996,True
9,3,Natalie Coughlin,26.0,123140,0.08560273173506018,percent,False,0.066116,28.769999999999996,True
9,3,Louie Vito,20.0,109974,0.0764506252569701,percent,False,0.098535,28.769999999999996,True
9,3,Michael Irvin,14.0,80006,0.055617780525867966,percent,False,0.042229,28.769999999999996,True
9,3,Joanna Krupa,23.0,116965,0.08131046994725283,percent,False,0.423662,28.769999999999996,True
9,3,Tom DeLay,15.0,125050,0.08693112359487076,percent,False,0.195036,28.769999999999996,True
9,3,Aaron Carter,21.0,116803,0.08119782283532474,percent,False,0.29042,28.769999999999996,True
9,3,Mya,27.0,167385,0.11636106346102884,percent,False,1.0,28.769999999999996,True
9,3,Donny Osmond,21.0,114176,0.07937132050551225,percent,False,0.156875,28.769999999999996,True
9,3,Kelly Osbourne,20.0,115652,0.08039781877515101,percent,False,0.191103,28.769999999999996,True
9,4,Melissa Joan Hart,28.0,167594,0.10903978839610876,percent,False,0.137814,30.74,True
9,4,Mark Dacascos,22.0,138378,0.09003105610844542,percent,False,0.052004,30.74,True
9,4,Chuck Liddell,17.0,84969,0.055282640914344795,percent,True,0.146455,30.74,True
9,4,Natalie Coughlin,24.0,128125,0.08336041748759204,percent,False,0.066116,30.74,True
9,4,Louie Vito,16.0,91322,0.05941553619373118,percent,False,0.098535,30.74,True
9,4,Michael Irvin,16.0,150683,0.09803690411418009,percent,False,0.042229,30.74,True
9,4,Joanna Krupa,26.0,151488,0.09856072192066753,percent,False,0.423662,30.74,True
9,4,Aaron Carter,18.0,107542,0.06996906657786706,percent,False,0.29042,30.74,True
9,4,Mya,28.0,219896,0.14306838727470428,percent,False,1.0,30.74,True
9,4,Donny Osmond,24.0,146880,0.09556283788681655,percent,False,0.156875,30.74,True
9,4,Kelly Osbourne,23.0,150123,0.09767264312554222,percent,False,0.191103,30.74,True
9,5,Melissa Joan Hart,23.0,139809,0.08809651188155501,percent,False,0.137814,31.740000000000002,True
9,5,Mark Dacascos,26.0,171867,0.10829692407037632,percent,False,0.052004,31.740000000000002,True
9,5,Natalie Coughlin,22.0,123511,0.07782689430568712,percent,True,0.066116,31.740000000000002,True
9,5,Louie Vito,22.0,140014,0.08822556826666177,percent,False,0.098535,31.740000000000002,True
9,5,Michael Irvin,21.0,156073,0.09834477381624993,percent,False,0.042229,31.740000000000002,True
9,5,Joanna Krupa,24.0,143069,0.09015078749203925,percent,False,0.423662,31.740000000000002,True
9,5,Aaron Carter,24.0,156609,0.09868270958297197,percent,False,0.29042,31.740000000000002,True
9,5,Mya,27.0,209446,0.1319762198092926,percent,False,1.0,31.740000000000002,True
9,5,Donny Osmond,29.0,184051,0.1159741959342246,percent,False,0.156875,31.740000000000002,True
9,5,Kelly Osbourne,24.0,162549,0.10242541484094149,percent,False,0.191103,31.740000000000002,True
9,6,Melissa Joan Hart,23.9999,138148,0.084805367218084,percent,True,0.137814,32.58,True
9,6,Mark Dacascos,32.0,200068,0.1228166416392195,percent,False,0.052004,32.58,True
9,6,Louie Vito,24.0,140985,0.08654697232295037,percent,True,0.098535,32.58,True
9,6,Michael Irvin,21.9998,154746,0.09499427944673922,percent,False,0.042229,32.58,True
9,6,Joanna Krupa,35.9999,202976,0.12460150363793665,percent,False,0.423662,32.58,True
9,6,Aaron Carter,32.9998,203676,0.12503157850236174,percent,False,0.29042,32.58,True
9,6,Mya,33.0,242047,0.14858599211893486,percent,False,1.0,32.58,True
9,6,Donny Osmond,30.999899999999997,186125,0.11425694777382091,percent,False,0.156875,32.58,True
9,6,Kelly Osbourne,24.9998,160230,0.09836071733995264,percent,False,0.191103,32.58,True
9,7,Mark Dacascos,21.5,190368,0.1199545600733729,percent,True,0.052004,31.740000000000006,True
9,7,Michael Irvin,23.5,233944,0.147412863392953,percent,True,0.042229,31.740000000000006,True
9,7,Joanna Krupa,27.5,219585,0.1383650822654714,percent,False,0.423662,31.740000000000006,True
9,7,Aaron Carter,26.5,231626,0.14595239523931544,percent,False,0.29042,31.740000000000006,True
9,7,Mya,24.5,254572,0.16041077375015453,percent,False,1.0,31.740000000000006,True
9,7,Donny Osmond,26.0,221029,0.1392747055648467,percent,False,0.156875,31.740000000000006,True
9,7,Kelly Osbourne,26.0,235875,0.148629619713886,percent,False,0.191103,31.740000000000006,True
9,8,Joanna Krupa,26.0,321451,0.18992675023420913,percent,False,0.423662,33.85,True
9,8,Aaron Carter,25.0,307232,0.18152571466039738,percent,True,0.29042,33.85,True
9,8,Mya,29.5,435603,0.2573726239645525,percent,False,1.0,33.85,True
9,8,Donny Osmond,25.0,307233,0.1815260175905258,percent,False,0.156875,33.85,True
9,8,Kelly Osbourne,25.5,320981,0.18964889355031533,percent,False,0.191103,33.85,True
9,9,Joanna Krupa,27.0,344404,0.19759251622604102,percent,True,0.423662,34.86,True
9,9,Mya,28.9999,545572,0.3130072647763296,percent,False,1.0,34.86,True
9,9,Donny Osmond,24.666600000000003,382533,0.21946838227002588,percent,False,0.156875,34.86,True
9,9,Kelly Osbourne,25.9998,470491,0.26993183672760357,percent,False,0.191103,34.86,True
9,10,Mya,28.333199999999998,704056,0.3546879925269287,percent,False,1.0,39.7,
9,10,Donny Osmond,28.9998,689922,0.347567894379267,percent,False,0.156875,39.7,
9,10,Kelly Osbourne,25.2222,591022,0.29774411309380433,percent,False,0.191103,39.7,
10,1,Aiden Turner,15.0,83061,0.06867382104808971,percent,False,0.1987,24.19,
10,1,Shannen Doherty,18.0,100401,0.08301043016223417,percent,False,0.031274,24.19,
10,1,Niecy Nash,18.0,101234,0.08369921626168729,percent,False,0.041848,24.19,
10,1,Buzz Aldrin,14.0,77174,0.06380633175803578,percent,False,0.121455,24.19,
10,1,Chad Ochocinco,18.0,102237,0.08452835496639391,percent,False,0.1987,24.19,
10,1,Evan Lysacek,23.0,135344,0.11190045824885232,percent,False,0.12866,24.19,
10,1,Pamela Anderson,21.0,123956,0.10248509432494037,percent,False,0.561921,24.19,
10,1,Nicole Scherzinger,25.0,149167,0.1233293388409772,percent,False,0.328573,24.19,
10,1,Erin Andrews,21.0,128174,0.10597241286070364,percent,False,1.0,24.19,
10,1,Kate Gosselin,16.0,94082,0.07778552506638929,percent,False,0.997863,24.19,
10,1,Jake Pavelka,20.0,114672,0.09480901646169648,percent,False,0.095078,24.19,
10,2,Aiden Turner,19.0,152698,0.0819856374930539,percent,False,0.1987,37.25,True
10,2,Shannen Doherty,20.0,49744,0.02670812422122085,percent,True,0.031274,37.25,True
10,2,Niecy Nash,21.0,164968,0.0885732193533174,percent,False,0.041848,37.25,True
10,2,Buzz Aldrin,12.0,117471,0.06307190767834708,percent,False,0.121455,37.25,True
10,2,Chad Ochocinco,16.0,137288,0.07371188010327726,percent,False,0.1987,37.25,True
10,2,Evan Lysacek,24.0,197221,0.105890650081861,percent,False,0.12866,37.25,True
10,2,Pamela Anderson,22.0,182315,0.09788735857581202,percent,False,0.561921,37.25,True
10,2,Nicole Scherzinger,28.0,209383,0.11242016623199573,percent,False,0.328573,37.25,True
10,2,Erin Andrews,23.0,236709,0.1270918166514536,percent,False,1.0,37.25,True
10,2,Kate Gosselin,15.0,256803,0.1378810382544615,percent,False,0.997863,37.25,True
10,2,Jake Pavelka,20.0,157899,0.08477820135519959,percent,False,0.095078,37.25,True
10,3,Aiden Turner,20.0,165411,0.09831285543995455,percent,False,0.1987,33.64999999999999,True
10,3,Niecy Nash,21.0,159486,0.09479094414519507,percent,False,0.041848,33.64999999999999,True
10,3,Buzz Aldrin,13.0,117146,0.06962596326062241,percent,True,0.121455,33.64999999999999,True
10,3,Chad Ochocinco,20.0,159453,0.09477164127371539,percent,False,0.1987,33.64999999999999,True
10,3,Evan Lysacek,26.0,204667,0.12164456016293718,percent,False,0.12866,33.64999999999999,True
10,3,Pamela Anderson,21.0,167746,0.09970023001524148,percent,False,0.561921,33.64999999999999,True
10,3,Nicole Scherzinger,23.0,165033,0.09808767243291153,percent,False,0.328573,33.64999999999999,True
10,3,Erin Andrews,23.0,224884,0.1336608417839219,percent,False,1.0,33.64999999999999,True
10,3,Kate Gosselin,15.0,157980,0.09389622898369746,percent,False,0.997863,33.64999999999999,True
10,3,Jake Pavelka,21.0,160694,0.09550906250180304,percent,False,0.095078,33.64999999999999,True
10,4,Aiden Turner,16.5,152851,0.08949096817696855,percent,True,0.1987,34.16,True
10,4,Niecy Nash,18.0,153117,0.08964684449333055,percent,False,0.041848,34.16,True
10,4,Chad Ochocinco,22.0,196460,0.11502335606994152,percent,False,0.1987,34.16,True
10,4,Evan Lysacek,26.0,229243,0.13421703494416976,percent,False,0.12866,34.16,True
10,4,Pamela Anderson,23.5,210256,0.1231004599819919,percent,False,0.561921,34.16,True
10,4,Nicole Scherzinger,25.0,200923,0.11763635239606363,percent,False,0.328573,34.16,True
10,4,Erin Andrews,19.5,213557,0.12503336379163066,percent,False,1.0,34.16,True
10,4,Kate Gosselin,16.0,188747,0.11050751735482962,percent,False,0.997863,34.16,True
10,4,Jake Pavelka,19.0,162848,0.09534410279107372,percent,False,0.095078,34.16,True
10,5,Niecy Nash,18.0,166965,0.0964276823034718,percent,False,0.041848,34.63,True
10,5,Chad Ochocinco,18.0,175277,0.10122844843890062,percent,False,0.1987,34.63,True
10,5,Evan Lysacek,27.0,259590,0.14992179648162407,percent,False,0.12866,34.63,True
10,5,Pamela Anderson,21.0,204880,0.11832535858481925,percent,False,0.561921,34.63,True
10,5,Nicole Scherzinger,29.0,254149,0.14677978931352756,percent,False,0.328573,34.63,True
10,5,Erin Andrews,22.0,262726,0.15173323099644384,percent,False,1.0,34.63,True
10,5,Kate Gosselin,15.0,192953,0.11143710463225878,percent,True,0.997863,34.63,True
10,5,Jake Pavelka,23.0,214960,0.12414658924895414,percent,False,0.095078,34.63,True
10,6,Niecy Nash,25.9998,192831,0.11761565262752391,percent,False,0.041848,32.79,True
10,6,Chad Ochocinco,30.999899999999997,241361,0.1472164227044419,percent,False,0.1987,32.79,True
10,6,Evan Lysacek,27.0,207559,0.12659911504392418,percent,False,0.12866,32.79,True
10,6,Pamela Anderson,29.9998,234021,0.14273904481033778,percent,False,0.561921,32.79,True
10,6,Nicole Scherzinger,35.9999,252259,0.15386344381442485,percent,False,0.328573,32.79,True
10,6,Erin Andrews,34.0,324649,0.19801716307017733,percent,False,1.0,32.79,True
10,6,Jake Pavelka,24.999899999999997,186820,0.11394915792916992,percent,True,0.095078,32.79,True
10,7,Niecy Nash,24.5,251638,0.15886255137453217,percent,False,0.041848,31.680000000000003,True
10,7,Chad Ochocinco,26.0,262203,0.1655320435132507,percent,False,0.1987,31.680000000000003,True
10,7,Evan Lysacek,27.0,268959,0.16979728908715463,percent,False,0.12866,31.680000000000003,True
10,7,Pamela Anderson,25.5,241449,0.15243021470258777,percent,True,0.561921,31.680000000000003,True
10,7,Nicole Scherzinger,27.0,243429,0.15367998549902714,percent,False,0.328573,31.680000000000003,True
10,7,Erin Andrews,25.5,316321,0.19969791582344773,percent,False,1.0,31.680000000000003,True
10,8,Niecy Nash,21.5,253061,0.15976050064321143,percent,True,0.041848,31.68,True
10,8,Chad Ochocinco,22.5,278016,0.17551503418085712,percent,False,0.1987,31.68,True
10,8,Evan Lysacek,26.5,323299,0.20410263757560526,percent,False,0.12866,31.68,True
10,8,Nicole Scherzinger,29.5,328055,0.20710567897166685,percent,False,0.328573,31.68,True
10,8,Erin Andrews,26.5,401570,0.25351614862865934,percent,False,1.0,31.68,True
10,9,Chad Ochocinco,26.0,361150,0.22410814709254223,percent,True,0.1987,32.23,True
10,9,Evan Lysacek,29.5,404583,0.25105984198706416,percent,False,0.12866,32.23,True
10,9,Nicole Scherzinger,29.5,368786,0.22884661860341798,percent,False,0.328573,32.23,True
10,9,Erin Andrews,28.0,476980,0.29598539231697574,percent,False,1.0,32.23,True
10,10,Evan Lysacek,26.888699999999996,602023,0.3188679045761291,percent,False,0.12866,37.76,
10,10,Nicole Scherzinger,28.7777,650734,0.3446684051927552,percent,False,0.328573,37.76,
10,10,Erin Andrews,26.9998,635243,0.3364636902311157,percent,False,1.0,37.76,
11,1,David Hasselhoff,15.0,38036,0.05780499627917129,percent,True,0.03986,13.159999999999998,True
11,1,Florence Henderson,18.0,50259,0.07638137346801455,percent,False,0.018831,13.159999999999998,True
11,1,Kyle Massey,23.0,60990,0.09269013054795526,percent,False,0.064936,13.159999999999998,True
11,1,Jennifer Grey,24.0,77581,0.1179046231255568,percent,False,1.0,13.159999999999998,True
11,1,Rick Fox,22.0,62474,0.09494589792258658,percent,False,0.357667,13.159999999999998,True
11,1,Kurt Warner,19.0,49325,0.07496241333704479,percent,False,0.083974,13.159999999999998,True
11,1,Margaret Cho,15.0,46588,0.07080316746555124,percent,False,0.357667,13.159999999999998,True
11,1,Michael Bolton,16.0,38815,0.05898997308428058,percent,False,0.075151,13.159999999999998,True
11,1,Brandy,23.0,73901,0.11231145619285507,percent,False,0.931477,13.159999999999998,True
11,1,The Situation,15.0,51574,0.07838017088411227,percent,False,0.938732,13.159999999999998,True
11,1,Audrina Patridge,19.0,51528,0.07831048675895451,percent,False,0.247342,13.159999999999998,True
11,1,Bristol Palin,18.0,56927,0.08651531093391711,percent,False,0.848744,13.159999999999998,True
11,2,Florence Henderson,19.0,53749,0.08168518181440862,percent,False,0.018831,13.159999999999998,True
11,2,Kyle Massey,22.0,59106,0.08982620654475829,percent,False,0.064936,13.159999999999998,True
11,2,Jennifer Grey,24.0,78602,0.11945533625967784,percent,False,1.0,13.159999999999998,True
11,2,Rick Fox,21.0,60419,0.09182216759242968,percent,False,0.357667,13.159999999999998,True
11,2,Kurt Warner,21.0,55234,0.08394290104946225,percent,False,0.083974,13.159999999999998,True
11,2,Margaret Cho,18.0,56641,0.08608126759095105,percent,False,0.357667,13.159999999999998,True
11,2,Michael Bolton,12.0,29494,0.044824368740644896,percent,True,0.075151,13.159999999999998,True
11,2,Brandy,21.0,68362,0.10389394506526295,percent,False,0.931477,13.159999999999998,True
11,2,The Situation,18.0,62703,0.0952932574234394,percent,False,0.938732,13.159999999999998,True
11,2,Audrina Patridge,23.0,63197,0.0960436992702948,percent,False,0.247342,13.159999999999998,True
11,2,Bristol Palin,22.0,70493,0.10713166864867027,percent,False,0.848744,13.159999999999998,True
11,3,Florence Henderson,20.0,56128,0.08530041352723762,percent,False,0.018831,13.16,True
11,3,Kyle Massey,23.0,61301,0.09316218727118929,percent,False,0.064936,13.16,True
11,3,Jennifer Grey,24.0,77976,0.11850509342088905,percent,False,1.0,13.16,True
11,3,Rick Fox,24.0,68501,0.10410484682806348,percent,False,0.357667,13.16,True
11,3,Kurt Warner,23.0,60014,0.09120611928407854,percent,False,0.083974,13.16,True
11,3,Margaret Cho,18.0,56191,0.08539650866173112,percent,True,0.357667,13.16,True
11,3,Brandy,24.0,77507,0.11779141705100334,percent,False,0.931477,13.16,True
11,3,The Situation,20.0,69116,0.10503913221539651,percent,False,0.938732,13.16,True
11,3,Audrina Patridge,26.0,70872,0.10770747704153971,percent,False,0.247342,13.16,True
11,3,Bristol Palin,19.0,60396,0.0917868046988713,percent,False,0.848744,13.16,True
11,4,Florence Henderson,17.5,60647,0.09216878269633146,percent,False,0.018831,13.16,True
11,4,Kyle Massey,20.0,65825,0.10003834495140619,percent,False,0.064936,13.16,True
11,4,Jennifer Grey,28.0,112340,0.17072946077572854,percent,False,1.0,13.16,True
11,4,Rick Fox,19.5,68730,0.1044525342063312,percent,False,0.357667,13.16,True
11,4,Kurt Warner,17.0,54777,0.08324721720634037,percent,False,0.083974,13.16,True
11,4,Brandy,24.0,95712,0.14545823332415492,percent,False,0.931477,13.16,True
11,4,The Situation,14.0,59745,0.09079748668447785,percent,True,0.938732,13.16,True
11,4,Audrina Patridge,23.0,77420,0.11765895941093552,percent,False,0.247342,13.16,True
11,4,Bristol Palin,16.0,62805,0.09544898074429393,percent,False,0.848744,13.16,True
11,5,Florence Henderson,21.0,65734,0.09989927159788746,percent,True,0.018831,13.16,True
11,5,Kyle Massey,20.0,69349,0.10539387569322764,percent,False,0.064936,13.16,True
11,5,Jennifer Grey,25.0,104472,0.158772344738997,percent,False,1.0,13.16,True
11,5,Rick Fox,24.0,81813,0.12433593689158326,percent,False,0.357667,13.16,True
11,5,Kurt Warner,24.0,72615,0.11035695925060646,percent,False,0.083974,13.16,True
11,5,Brandy,27.0,114469,0.17396579157635406,percent,False,0.931477,13.16,True
11,5,Audrina Patridge,23.0,72546,0.11025251440395406,percent,False,0.247342,13.16,True
11,5,Bristol Palin,18.0,77001,0.11702330584739007,percent,False,0.848744,13.16,True
11,6,Kyle Massey,29.999899999999997,74045,0.11252989346976007,percent,False,0.064936,13.159999999999998,True
11,6,Jennifer Grey,29.0,101455,0.15418653495887616,percent,False,1.0,13.159999999999998,True
11,6,Rick Fox,30.0,90164,0.13702794545489613,percent,False,0.357667,13.159999999999998,True
11,6,Kurt Warner,21.9999,89117,0.1354366927458828,percent,False,0.083974,13.159999999999998,True
11,6,Brandy,35.9999,145046,0.22043443860843048,percent,False,0.931477,13.159999999999998,True
11,6,Audrina Patridge,31.9998,57330,0.08712736681190024,percent,True,0.247342,13.159999999999998,True
11,6,Bristol Palin,27.9998,100843,0.15325712795025412,percent,False,0.848744,13.159999999999998,True
11,7,Kyle Massey,33.5,95216,0.14470488477606783,percent,False,0.064936,13.159999999999998,True
11,7,Jennifer Grey,36.5,118158,0.17957158484439772,percent,False,1.0,13.159999999999998,True
11,7,Rick Fox,34.5,92060,0.13990870824559212,percent,True,0.357667,13.159999999999998,True
11,7,Kurt Warner,35.0,102539,0.1558348151772219,percent,False,0.083974,13.159999999999998,True
11,7,Brandy,36.5,133091,0.20226632776809186,percent,False,0.931477,13.159999999999998,True
11,7,Bristol Palin,32.5,116936,0.1777136791886285,percent,False,0.848744,13.159999999999998,True
11,8,Kyle Massey,28.0,123818,0.18817345293815593,percent,False,0.064936,13.16,True
11,8,Jennifer Grey,28.5,153633,0.23348507136861832,percent,False,1.0,13.16,True
11,8,Kurt Warner,24.0,103901,0.15790499402120686,percent,True,0.083974,13.16,True
11,8,Brandy,28.5,152708,0.2320789480253288,percent,False,0.931477,13.16,True
11,8,Bristol Palin,23.5,123939,0.1883575336466902,percent,False,0.848744,13.16,True
11,9,Kyle Massey,29.0,169494,0.2575894927832641,percent,False,0.064936,13.16,True
11,9,Jennifer Grey,30.0,182680,0.2776289573829717,percent,False,1.0,13.16,True
11,9,Brandy,28.5,147141,0.22361870449605398,percent,True,0.931477,13.16,True
11,9,Bristol Palin,26.5,158685,0.24116284533771024,percent,False,0.848744,13.16,True
11,10,Kyle Massey,27.333199999999998,209722,0.31872688289898077,percent,False,0.064936,13.160000000000002,
11,10,Jennifer Grey,30.0,245160,0.37258337780742284,percent,False,1.0,13.160000000000002,
11,10,Bristol Palin,25.666600000000003,203118,0.3086897392935965,percent,False,0.848744,13.160000000000002,
12,1,Ralph Macchio,24.0,78913,0.1199287512499104,percent,False,0.265798,13.159999999999998,
12,1,Chelsea Kane,21.0,67428,0.10247342532171186,percent,False,0.302214,13.159999999999998,
12,1,Kirstie Alley,23.0,76109,0.11566791663014583,percent,False,0.482345,13.159999999999998,
12,1,Hines Ward,21.0,67602,0.10273793295008231,percent,False,0.254362,13.159999999999998,
12,1,Sugar Ray Leonard,17.0,52268,0.07943487309160799,percent,False,0.057633,13.159999999999998,
12,1,Chris Jericho,19.0,59327,0.09016222967498003,percent,False,0.044868,13.159999999999998,
12,1,Petra Nemcova,18.0,54791,0.08326956417804272,percent,False,0.043698,13.159999999999998,
12,1,Mike Catherwood,13.0,39299,0.05972506835252305,percent,False,0.292446,13.159999999999998,
12,1,Romeo,19.0,63080,0.09586695423295184,percent,False,1.0,13.159999999999998,
12,1,Wendy Williams,14.0,42417,0.06446403834691303,percent,False,0.312594,13.159999999999998,
12,1,Kendra Wilkinson,18.0,56765,0.08626924597113093,percent,False,0.292446,13.159999999999998,
12,2,Ralph Macchio,21.0,62616,0.0951613768796465,percent,False,0.265798,13.159999999999998,True
12,2,Chelsea Kane,18.0,49920,0.07586698932473196,percent,False,0.302214,13.159999999999998,True
12,2,Kirstie Alley,20.0,63249,0.09612313428902035,percent,False,0.482345,13.159999999999998,True
12,2,Hines Ward,23.0,70087,0.1065148003714049,percent,False,0.254362,13.159999999999998,True
12,2,Sugar Ray Leonard,17.0,46792,0.07111255612305097,percent,False,0.057633,13.159999999999998,True
12,2,Chris Jericho,23.0,64278,0.09768738105071095,percent,False,0.044868,13.159999999999998,True
12,2,Petra Nemcova,18.0,38983,0.059244856218224125,percent,False,0.043698,13.159999999999998,True
12,2,Mike Catherwood,17.0,42029,0.06387403418978063,percent,True,0.292446,13.159999999999998,True
12,2,Romeo,23.0,89243,0.13562722616581002,percent,False,1.0,13.159999999999998,True
12,2,Wendy Williams,17.0,72782,0.11061121301779848,percent,False,0.312594,13.159999999999998,True
12,2,Kendra Wilkinson,19.0,58020,0.08817643236982109,percent,False,0.292446,13.159999999999998,True
12,3,Ralph Macchio,21.0,65056,0.09886938182741681,percent,False,0.265798,13.16,True
12,3,Chelsea Kane,23.0,68188,0.1036298761523149,percent,False,0.302214,13.16,True
12,3,Kirstie Alley,21.0,68971,0.10481916751479786,percent,False,0.482345,13.16,True
12,3,Hines Ward,25.0,78083,0.11866642829407274,percent,False,0.254362,13.16,True
12,3,Sugar Ray Leonard,20.0,58887,0.08949347634169387,percent,False,0.057633,13.16,True
12,3,Chris Jericho,21.0,60646,0.0921671148236086,percent,False,0.044868,13.16,True
12,3,Petra Nemcova,25.0,58484,0.08888165710565232,percent,False,0.043698,13.16,True
12,3,Romeo,20.0,77896,0.11838236182635897,percent,False,1.0,13.16,True
12,3,Wendy Williams,15.0,47772,0.07260122911846612,percent,True,0.312594,13.16,True
12,3,Kendra Wilkinson,23.0,74018,0.1124893069956178,percent,False,0.292446,13.16,True
12,4,Ralph Macchio,25.0,79803,0.1212815051409271,percent,False,0.265798,13.16,True
12,4,Chelsea Kane,26.0,80148,0.1218053359913098,percent,False,0.302214,13.16,True
12,4,Kirstie Alley,22.0,76575,0.11637572654235631,percent,False,0.482345,13.16,True
12,4,Hines Ward,25.0,80072,0.12169060908748472,percent,False,0.254362,13.16,True
12,4,Sugar Ray Leonard,21.0,52420,0.07966500568950703,percent,True,0.057633,13.16,True
12,4,Chris Jericho,23.0,73290,0.11138224148870692,percent,False,0.044868,13.16,True
12,4,Petra Nemcova,23.0,67375,0.10239328595835379,percent,False,0.043698,13.16,True
12,4,Romeo,23.0,86315,0.13117800833805687,percent,False,1.0,13.16,True
12,4,Kendra Wilkinson,18.0,62002,0.09422828176329745,percent,False,0.292446,13.16,True
12,5,Ralph Macchio,22.0,74282,0.1128898419748025,percent,False,0.265798,13.16,True
12,5,Chelsea Kane,26.0,84013,0.1276791995520908,percent,False,0.302214,13.16,True
12,5,Kirstie Alley,23.0,82331,0.12512350679053574,percent,False,0.482345,13.16,True
12,5,Hines Ward,27.0,91911,0.1396822707660339,percent,False,0.254362,13.16,True
12,5,Chris Jericho,26.0,81836,0.12437116606074648,percent,False,0.044868,13.16,True
12,5,Petra Nemcova,22.0,56093,0.0852480542852181,percent,True,0.043698,13.16,True
12,5,Romeo,26.0,110369,0.16773357861982338,percent,False,1.0,13.16,True
12,5,Kendra Wilkinson,22.0,77165,0.11727238195074911,percent,False,0.292446,13.16,True
12,6,Ralph Macchio,24.0,84330,0.12816151191351244,percent,False,0.265798,13.159999999999998,True
12,6,Chelsea Kane,28.0,94155,0.1430932114936851,percent,False,0.302214,13.159999999999998,True
12,6,Kirstie Alley,26.0,96856,0.14719688373492434,percent,False,0.482345,13.159999999999998,True
12,6,Hines Ward,27.0,95649,0.1453635373297831,percent,False,0.254362,13.159999999999998,True
12,6,Chris Jericho,22.0,72062,0.10951742779882505,percent,True,0.044868,13.159999999999998,True
12,6,Romeo,28.0,123693,0.18798313683178233,percent,False,1.0,13.159999999999998,True
12,6,Kendra Wilkinson,25.0,91254,0.13868429089748763,percent,False,0.292446,13.159999999999998,True
12,7,Ralph Macchio,33.0,109609,0.16657951784145317,percent,False,0.265798,13.159999999999998,True
12,7,Chelsea Kane,32.0,101713,0.15457957072301468,percent,False,0.302214,13.159999999999998,True
12,7,Kirstie Alley,30.0,106315,0.16157361249008378,percent,False,0.482345,13.159999999999998,True
12,7,Hines Ward,33.0,110509,0.16794650942518846,percent,False,0.254362,13.159999999999998,True
12,7,Romeo,30.0,125284,0.1904007902347708,percent,False,1.0,13.159999999999998,True
12,7,Kendra Wilkinson,30.5,104569,0.15891999928548917,percent,True,0.292446,13.159999999999998,True
12,8,Ralph Macchio,23.0,124016,0.18847371425721876,percent,False,0.265798,13.16,True
12,8,Chelsea Kane,27.5,150261,0.2283595567587057,percent,False,0.302214,13.16,True
12,8,Kirstie Alley,26.5,142157,0.21604417188468597,percent,False,0.482345,13.16,True
12,8,Hines Ward,27.0,132736,0.20172580722717293,percent,False,0.254362,13.16,True
12,8,Romeo,26.0,108831,0.16539674987221675,percent,True,1.0,13.16,True
12,9,Ralph Macchio,24.0,134056,0.2037326644900013,percent,True,0.265798,13.16,True
12,9,Chelsea Kane,36.5,195111,0.2965219905641681,percent,False,0.302214,13.16,True
12,9,Kirstie Alley,27.0,159889,0.24299205557061018,percent,False,0.482345,13.16,True
12,9,Hines Ward,30.0,168944,0.2567532893752204,percent,False,0.254362,13.16,True
12,10,Chelsea Kane,29.666600000000003,222874,0.3387142997503875,percent,False,0.302214,13.160000000000002,
12,10,Kirstie Alley,27.999899999999997,211646,0.3216499076379949,percent,False,0.482345,13.160000000000002,
12,10,Hines Ward,29.666600000000003,223480,0.33963579261161764,percent,False,0.254362,13.160000000000002,
13,1,Elisabetta Canalis,15.0,134341,0.059987262108377286,percent,False,0.093136,44.79,True
13,1,David Arquette,18.0,184137,0.08222240992969837,percent,False,0.252417,44.79,True
13,1,Ricki Lake,20.0,184685,0.08246708129473819,percent,False,0.254584,44.79,True
13,1,J.R. Martinez,22.0,213837,0.09548414564093746,percent,False,0.170931,44.79,True
13,1,Metta World Peace (Ron),14.0,144658,0.06459382529603838,percent,True,0.254584,44.79,True
13,1,Hope Solo,21.0,264490,0.11810220501272072,percent,False,1.0,44.79,True
13,1,Chynna Phillips,22.0,213370,0.09527571615967337,percent,False,0.258487,44.79,True
13,1,Kristin Cavallari,19.0,190397,0.08501772661243905,percent,False,0.393453,44.79,True
13,1,Carson Kressley,17.0,165824,0.07404518113654178,percent,False,0.079771,44.79,True
13,1,Chaz Bono,17.0,213939,0.0955297475261028,percent,False,0.759486,44.79,True
13,1,Nancy Grace,16.0,161787,0.07224230568105125,percent,False,0.003893,44.79,True
13,1,Rob Kardashian,16.0,168035,0.07503239360168132,percent,False,0.315261,44.79,True
13,2,Elisabetta Canalis,21.0,131842,0.06574028359787565,percent,True,0.093136,40.11000000000001,True
13,2,David Arquette,18.0,178309,0.08890998807349523,percent,False,0.252417,40.11000000000001,True
13,2,Ricki Lake,23.0,182001,0.09075087555701539,percent,False,0.254584,40.11000000000001,True
13,2,J.R. Martinez,22.0,182411,0.09095533647133403,percent,False,0.170931,40.11000000000001,True
13,2,Hope Solo,19.0,207229,0.10333023852778969,percent,False,1.0,40.11000000000001,True
13,2,Chynna Phillips,21.0,172337,0.08593238363456066,percent,False,0.258487,40.11000000000001,True
13,2,Kristin Cavallari,22.0,189513,0.09449662132868829,percent,False,0.393453,40.11000000000001,True
13,2,Carson Kressley,18.0,158822,0.07919325542403727,percent,False,0.079771,40.11000000000001,True
13,2,Chaz Bono,17.0,234642,0.11699945278252352,percent,False,0.759486,40.11000000000001,True
13,2,Nancy Grace,21.0,179762,0.08963432464007333,percent,False,0.003893,40.11000000000001,True
13,2,Rob Kardashian,21.0,188632,0.09405723996260687,percent,False,0.315261,40.11000000000001,True
13,3,David Arquette,24.0,195911,0.09720215778345086,percent,False,0.252417,40.31,True
13,3,Ricki Lake,27.0,196636,0.09756195475182897,percent,False,0.254584,40.31,True
13,3,J.R. Martinez,26.0,201779,0.10011343556921411,percent,False,0.170931,40.31,True
13,3,Hope Solo,24.0,250332,0.12420364764654289,percent,False,1.0,40.31,True
13,3,Chynna Phillips,26.0,200632,0.09954451224084453,percent,False,0.258487,40.31,True
13,3,Kristin Cavallari,24.0,114484,0.056801716821890426,percent,True,0.393453,40.31,True
13,3,Carson Kressley,23.0,239377,0.11876812281853523,percent,False,0.079771,40.31,True
13,3,Chaz Bono,18.0,165509,0.0821181780651849,percent,False,0.759486,40.31,True
13,3,Nancy Grace,21.0,248521,0.12330475159163462,percent,False,0.003893,40.31,True
13,3,Rob Kardashian,24.0,202319,0.10038152271087342,percent,False,0.315261,40.31,True
13,4,David Arquette,23.0,177326,0.10779716659878416,percent,False,0.252417,32.900000000000006,True
13,4,Ricki Lake,29.0,210144,0.12774703381379204,percent,False,0.254584,32.900000000000006,True
13,4,J.R. Martinez,26.0,193036,0.11734723418385963,percent,False,0.170931,32.900000000000006,True
13,4,Hope Solo,24.0,226238,0.13753080308875848,percent,False,1.0,32.900000000000006,True
13,4,Chynna Phillips,21.0,144976,0.0881312300084922,percent,True,0.258487,32.900000000000006,True
13,4,Carson Kressley,20.0,152847,0.09291632907387852,percent,False,0.079771,32.900000000000006,True
13,4,Chaz Bono,21.0,193918,0.11788310795706256,percent,False,0.759486,32.900000000000006,True
13,4,Nancy Grace,21.0,156820,0.09533125482647789,percent,False,0.003893,32.900000000000006,True
13,4,Rob Kardashian,24.0,189695,0.1153158404488944,percent,False,0.315261,32.900000000000006,True
13,5,David Arquette,25.0,199219,0.12865265385100774,percent,False,0.252417,30.97,True
13,5,Ricki Lake,24.0,171036,0.11045286768236949,percent,False,0.254584,30.97,True
13,5,J.R. Martinez,28.0,211416,0.13652927109874113,percent,False,0.170931,30.97,True
13,5,Hope Solo,24.0,236369,0.15264377317403202,percent,False,1.0,30.97,True
13,5,Carson Kressley,19.0,144293,0.09318228102086622,percent,True,0.079771,30.97,True
13,5,Chaz Bono,21.0,207453,0.1339702388788902,percent,False,0.759486,30.97,True
13,5,Nancy Grace,22.0,173991,0.11236071925992348,percent,False,0.003893,30.97,True
13,5,Rob Kardashian,25.0,204724,0.13220819503416975,percent,False,0.315261,30.97,True
13,6,David Arquette,23.0,208947,0.13441458419816749,percent,False,0.252417,31.09,True
13,6,Ricki Lake,29.0,235610,0.15156662092292605,percent,False,0.254584,31.09,True
13,6,J.R. Martinez,29.0,249630,0.160585213882202,percent,False,0.170931,31.09,True
13,6,Hope Solo,20.0,224558,0.14445669117691468,percent,False,1.0,31.09,True
13,6,Chaz Bono,19.0,213980,0.1376519773258881,percent,True,0.759486,31.09,True
13,6,Nancy Grace,24.0,216388,0.13920117071184232,percent,False,0.003893,31.09,True
13,6,Rob Kardashian,22.0,205386,0.13212374178205955,percent,False,0.315261,31.09,True
13,7,David Arquette,23.5,232076,0.14730293923465318,percent,True,0.252417,31.51,True
13,7,Ricki Lake,26.5,247272,0.15694829929034143,percent,False,0.254584,31.51,True
13,7,J.R. Martinez,24.0,240520,0.1526625018912796,percent,False,0.170931,31.51,True
13,7,Hope Solo,25.0,329063,0.2088627187126528,percent,False,1.0,31.51,True
13,7,Nancy Grace,22.0,248208,0.15754246368568134,percent,False,0.003893,31.51,True
13,7,Rob Kardashian,25.5,278361,0.1766810771853917,percent,False,0.315261,31.51,True
13,8,Ricki Lake,26.0,289481,0.17635149121432556,percent,False,0.254584,32.83,True
13,8,J.R. Martinez,30.0,353891,0.21559020685093574,percent,False,0.170931,32.83,True
13,8,Hope Solo,26.0,400057,0.24371442398225393,percent,False,1.0,32.83,True
13,8,Nancy Grace,22.0,271829,0.16559779313935288,percent,True,0.003893,32.83,True
13,8,Rob Kardashian,25.5,326242,0.1987460848131319,percent,False,0.315261,32.83,True
13,9,Ricki Lake,33.4999,422741,0.2512574969046894,percent,False,0.254584,33.65,True
13,9,J.R. Martinez,28.0,371866,0.22102004270159167,percent,False,0.170931,33.65,True
13,9,Hope Solo,24.4998,421561,0.25055639411370023,percent,True,1.0,33.65,True
13,9,Rob Kardashian,32.4998,466332,0.2771660662800187,percent,False,0.315261,33.65,True
13,10,Ricki Lake,27.999899999999997,643124,0.3293003981939653,percent,False,0.254584,39.06,
13,10,J.R. Martinez,28.1665,648602,0.3321055089178945,percent,False,0.170931,39.06,
13,10,Rob Kardashian,28.333199999999998,661274,0.3385940928881402,percent,False,0.315261,39.06,
14,1,William Levy,24.0,87978,0.09364328439522199,percent,False,1.0,18.789999999999996,
14,1,Jack Wagner,23.0,79588,0.08471349626115632,percent,False,0.223438,18.789999999999996,
14,1,Sherri Sheperd,23.0,79666,0.08479589748958791,percent,False,0.357239,18.789999999999996,
14,1,Jaleel White,26.0,92074,0.0980037182266024,percent,False,0.296277,18.789999999999996,
14,1,Roshon Fegan,23.0,79171,0.08426976884688793,percent,False,0.18174,18.789999999999996,
14,1,Melissa Gilbert,20.0,68804,0.0732348277656584,percent,False,0.545129,18.789999999999996,
14,1,Martina Navratilova,20.0,67062,0.07138013854204156,percent,False,0.141307,18.789999999999996,
14,1,Donald Driver,21.0,71655,0.07626950820977102,percent,False,0.237568,18.789999999999996,
14,1,Gavin DeGraw,20.0,68654,0.07307477030970491,percent,False,0.543281,18.789999999999996,
14,1,Gladys Knight,23.0,80964,0.08617727497262462,percent,False,0.440244,18.789999999999996,
14,1,Katherine Jenkins,26.0,91477,0.0973675765502034,percent,False,0.357239,18.789999999999996,
14,1,Maria Menounos,21.0,72407,0.07706973843053963,percent,False,0.543354,18.789999999999996,
14,2,William Levy,25.0,198548,0.11783235537221362,percent,False,1.0,33.699999999999996,True
14,2,Jack Wagner,21.0,128706,0.07638332447088846,percent,False,0.223438,33.699999999999996,True
14,2,Sherri Sheperd,23.0,134927,0.0800754042463639,percent,False,0.357239,33.699999999999996,True
14,2,Jaleel White,22.0,136345,0.08091716999843328,percent,False,0.296277,33.699999999999996,True
14,2,Roshon Fegan,26.0,152719,0.09063422053475129,percent,False,0.18174,33.699999999999996,True
14,2,Melissa Gilbert,20.0,129941,0.07711613545848282,percent,False,0.545129,33.699999999999996,True
14,2,Martina Navratilova,17.0,96914,0.05751587493724266,percent,True,0.141307,33.699999999999996,True
14,2,Donald Driver,24.0,146965,0.08721950536433899,percent,False,0.237568,33.699999999999996,True
14,2,Gavin DeGraw,21.0,133209,0.07905592395674975,percent,False,0.543281,33.699999999999996,True
14,2,Gladys Knight,19.0,129357,0.07676968872837692,percent,False,0.440244,33.699999999999996,True
14,2,Katherine Jenkins,26.0,144943,0.08601956406662209,percent,False,0.357239,33.699999999999996,True
14,2,Maria Menounos,25.0,152427,0.0904608328655362,percent,False,0.543354,33.699999999999996,True
14,3,William Levy,28.0,204149,0.12570762440734384,percent,False,1.0,32.48000000000001,True
14,3,Jack Wagner,24.0,132141,0.08136739572133042,percent,True,0.223438,32.48000000000001,True
14,3,Sherri Sheperd,24.0,132141,0.08136755145196568,percent,False,0.357239,32.48000000000001,True
14,3,Jaleel White,25.0,142230,0.08757979300075465,percent,False,0.296277,32.48000000000001,True
14,3,Roshon Fegan,25.0,134797,0.0830032366370251,percent,False,0.18174,32.48000000000001,True
14,3,Melissa Gilbert,24.0,143138,0.08813919973783516,percent,False,0.545129,32.48000000000001,True
14,3,Donald Driver,26.0,146153,0.08999580340666738,percent,False,0.237568,32.48000000000001,True
14,3,Gavin DeGraw,24.0,139748,0.08605186473938273,percent,False,0.543281,32.48000000000001,True
14,3,Gladys Knight,24.0,150003,0.09236654361386022,percent,False,0.440244,32.48000000000001,True
14,3,Katherine Jenkins,29.0,148391,0.0913738147106751,percent,False,0.357239,32.48000000000001,True
14,3,Maria Menounos,27.0,151109,0.09304717257315963,percent,False,0.543354,32.48000000000001,True
14,4,William Levy,22.0,177025,0.11888842498863776,percent,False,1.0,29.779999999999994,True
14,4,Sherri Sheperd,21.0,124818,0.08382681029239515,percent,True,0.357239,29.779999999999994,True
14,4,Jaleel White,22.0,138143,0.09277544109905007,percent,False,0.296277,29.779999999999994,True
14,4,Roshon Fegan,26.0,154732,0.10391650855911508,percent,False,0.18174,29.779999999999994,True
14,4,Melissa Gilbert,22.0,144819,0.09725910868529225,percent,False,0.545129,29.779999999999994,True
14,4,Donald Driver,27.0,167515,0.11250154439493741,percent,False,0.237568,29.779999999999994,True
14,4,Gavin DeGraw,23.0,147819,0.09927395007195884,percent,False,0.543281,29.779999999999994,True
14,4,Gladys Knight,20.0,137960,0.09265279329849668,percent,False,0.440244,29.779999999999994,True
14,4,Katherine Jenkins,24.0,135557,0.09103899893447942,percent,False,0.357239,29.779999999999994,True
14,4,Maria Menounos,26.0,160613,0.10786641967563732,percent,False,0.543354,29.779999999999994,True
14,5,William Levy,29.0,248169,0.1610438075699236,percent,False,1.0,30.82,True
14,5,Jaleel White,24.0,160270,0.10400416415985045,percent,False,0.296277,30.82,True
14,5,Roshon Fegan,26.0,164557,0.10678584436124798,percent,False,0.18174,30.82,True
14,5,Melissa Gilbert,21.0,147014,0.0954016834907973,percent,False,0.545129,30.82,True
14,5,Donald Driver,27.0,178152,0.1156079296422938,percent,False,0.237568,30.82,True
14,5,Gavin DeGraw,19.0,129865,0.08427334005434957,percent,True,0.543281,30.82,True
14,5,Gladys Knight,22.0,161392,0.10473222774939049,percent,False,0.440244,30.82,True
14,5,Katherine Jenkins,29.0,174199,0.1130429204937454,percent,False,0.357239,30.82,True
14,5,Maria Menounos,27.0,177382,0.11510808247840144,percent,False,0.543354,30.82,True
14,6,William Levy,36.0,279221,0.17364465168843907,percent,False,1.0,32.16,True
14,6,Jaleel White,36.9998,223943,0.13926812910115666,percent,False,0.296277,32.16,True
14,6,Roshon Fegan,27.9998,160618,0.09988681047585224,percent,False,0.18174,32.16,True
14,6,Melissa Gilbert,30.0,190352,0.11837796693044474,percent,False,0.545129,32.16,True
14,6,Donald Driver,33.9999,203330,0.1264487026123277,percent,False,0.237568,32.16,True
14,6,Gladys Knight,24.0,159576,0.09923886322885707,percent,True,0.440244,32.16,True
14,6,Katherine Jenkins,38.9999,212328,0.13204493378967688,percent,False,0.357239,32.16,True
14,6,Maria Menounos,29.999899999999997,178633,0.11108994217324575,percent,False,0.543354,32.16,True
14,7,William Levy,26.5,278457,0.1852061820866304,percent,False,1.0,30.069999999999997,True
14,7,Jaleel White,25.5,192859,0.12827321335617678,percent,True,0.296277,30.069999999999997,True
14,7,Roshon Fegan,26.0,200122,0.13310430445055826,percent,False,0.18174,30.069999999999997,True
14,7,Melissa Gilbert,23.5,209247,0.13917323998934364,percent,False,0.545129,30.069999999999997,True
14,7,Donald Driver,26.5,210708,0.14014495272128677,percent,False,0.237568,30.069999999999997,True
14,7,Katherine Jenkins,27.0,190121,0.12645203798521332,percent,False,0.357239,30.069999999999997,True
14,7,Maria Menounos,28.5,221986,0.14764606941079086,percent,False,0.543354,30.069999999999997,True
14,8,William Levy,28.5,326368,0.21699987896053938,percent,False,1.0,30.080000000000002,True
14,8,Roshon Fegan,28.0,193101,0.12839164191799393,percent,True,0.18174,30.080000000000002,True
14,8,Melissa Gilbert,25.5,242730,0.16138985005186865,percent,True,0.545129,30.080000000000002,True
14,8,Donald Driver,27.5,248474,0.16520862607055842,percent,False,0.237568,30.080000000000002,True
14,8,Katherine Jenkins,27.5,259794,0.17273564933002716,percent,False,0.357239,30.080000000000002,True
14,8,Maria Menounos,26.5,233533,0.15527435366901235,percent,False,0.543354,30.080000000000002,True
14,9,William Levy,29.0,451571,0.3112138876135497,percent,False,1.0,29.02,True
14,9,Donald Driver,28.5,431807,0.29759246737708367,percent,False,0.237568,29.02,True
14,9,Katherine Jenkins,28.0,293274,0.2021185693270769,percent,False,0.357239,29.02,True
14,9,Maria Menounos,29.5,274348,0.18907507568228973,percent,True,0.543354,29.02,True
14,10,William Levy,29.666600000000003,593846,0.3433626073381759,percent,False,1.0,34.59,
14,10,Donald Driver,29.666600000000003,565265,0.32683751453823245,percent,False,0.237568,34.59,
14,10,Katherine Jenkins,30.0,570389,0.32979987812359174,percent,False,0.357239,34.59,
15,1,Gilles Marini,24.0,112394,0.08679090312087291,percent,False,0.190571,25.899999999999995,True
15,1,Sabrina Bryan,22.5,104507,0.08070026445523054,percent,False,0.211339,25.899999999999995,True
15,1,Kirstie Alley,19.0,91992,0.07103648186402012,percent,False,0.453145,25.899999999999995,True
15,1,Kelly Monaco,21.5,122317,0.09445334480506806,percent,False,1.0,25.899999999999995,True
15,1,Apolo Anton Ohno,22.0,90605,0.06996522559995638,percent,False,0.000442,25.899999999999995,True
15,1,Emmitt Smith,24.5,114325,0.08828198283187728,percent,False,0.255086,25.899999999999995,True
15,1,Shawn Johnson,22.0,106262,0.08205588375649372,percent,False,0.651884,25.899999999999995,True
15,1,Pamela Anderson,17.0,86633,0.06689836305498889,percent,True,0.469772,25.899999999999995,True
15,1,Helio Castroneves,21.5,102196,0.07891602191564871,percent,False,0.329227,25.899999999999995,True
15,1,Joey Fatone,20.5,85017,0.06565028330354811,percent,False,0.050375,25.899999999999995,True
15,1,Drew Lachey,21.5,90950,0.07023142473498992,percent,False,0.056414,25.899999999999995,True
15,1,Bristol Palin,19.5,87173,0.06731512583610971,percent,False,0.329227,25.899999999999995,True
15,1,Melissa Rycroft,21.0,100628,0.07770469472119568,percent,False,0.338634,25.899999999999995,True
15,2,Gilles Marini,25.5,113517,0.09300860161839318,percent,False,0.190571,24.41,True
15,2,Sabrina Bryan,26.0,114832,0.09408634759960688,percent,False,0.211339,24.41,True
15,2,Kirstie Alley,21.0,118444,0.09704526040273045,percent,False,0.453145,24.41,True
15,2,Kelly Monaco,22.0,119116,0.09759639952170539,percent,False,1.0,24.41,True
15,2,Apolo Anton Ohno,24.5,95464,0.07821749410862146,percent,False,0.000442,24.41,True
15,2,Emmitt Smith,22.5,99443,0.08147763539313523,percent,False,0.255086,24.41,True
15,2,Shawn Johnson,25.0,114838,0.09409054431547655,percent,False,0.651884,24.41,True
15,2,Helio Castroneves,23.0,103672,0.08494249561272169,percent,False,0.329227,24.41,True
15,2,Joey Fatone,22.5,62260,0.051011824908556984,percent,True,0.050375,24.41,True
15,2,Drew Lachey,22.5,89878,0.0736402663145992,percent,False,0.056414,24.41,True
15,2,Bristol Palin,18.0,82162,0.06731853721331982,percent,False,0.329227,24.41,True
15,2,Melissa Rycroft,23.5,106873,0.0875645929911331,percent,False,0.338634,24.41,True
15,3,Gilles Marini,25.5,128789,0.09582545685928476,percent,False,0.190571,26.88,True
15,3,Sabrina Bryan,25.5,126932,0.09444377640178929,percent,False,0.211339,26.88,True
15,3,Kirstie Alley,24.0,121782,0.09061167797946418,percent,False,0.453145,26.88,True
15,3,Kelly Monaco,27.0,159825,0.11891770029528455,percent,False,1.0,26.88,True
15,3,Apolo Anton Ohno,25.5,103715,0.07716904433208215,percent,False,0.000442,26.88,True
15,3,Emmitt Smith,25.0,138317,0.10291466408758569,percent,False,0.255086,26.88,True
15,3,Shawn Johnson,26.5,133201,0.09910770031203449,percent,False,0.651884,26.88,True
15,3,Helio Castroneves,25.5,83415,0.06206507107383526,percent,True,0.329227,26.88,True
15,3,Drew Lachey,24.0,103140,0.07674085487979686,percent,True,0.056414,26.88,True
15,3,Bristol Palin,22.5,110392,0.08213709643235499,percent,False,0.329227,26.88,True
15,3,Melissa Rycroft,27.0,134490,0.10006695734648774,percent,False,0.338634,26.88,True
15,4,Gilles Marini,39.5,160635,0.1209599973057387,percent,False,0.190571,26.560000000000002,True
15,4,Sabrina Bryan,35.5,143145,0.1077897877992832,percent,False,0.211339,26.560000000000002,True
15,4,Kirstie Alley,30.0,129292,0.0973583020640625,percent,False,0.453145,26.560000000000002,True
15,4,Kelly Monaco,37.5,185327,0.13955366731690277,percent,False,1.0,26.560000000000002,True
15,4,Apolo Anton Ohno,34.5,123238,0.0927993656670176,percent,False,0.000442,26.560000000000002,True
15,4,Emmitt Smith,36.0,145832,0.10981334790845518,percent,False,0.255086,26.560000000000002,True
15,4,Shawn Johnson,39.5,165571,0.12467694904576926,percent,False,0.651884,26.560000000000002,True
15,4,Bristol Palin,32.0,121026,0.09113372025692987,percent,True,0.329227,26.560000000000002,True
15,4,Melissa Rycroft,37.0,153935,0.11591486263584094,percent,False,0.338634,26.560000000000002,True
15,5,Gilles Marini,28.25,165380,0.12638870724931117,percent,False,0.190571,26.17,
15,5,Sabrina Bryan,29.25,172183,0.13158830684785977,percent,False,0.211339,26.17,
15,5,Kirstie Alley,26.25,153755,0.11750497110154992,percent,False,0.453145,26.17,
15,5,Kelly Monaco,25.75,155534,0.1188644927893493,percent,False,1.0,26.17,
15,5,Apolo Anton Ohno,28.25,162424,0.12413027227590553,percent,False,0.000442,26.17,
15,5,Emmitt Smith,28.0,164004,0.12533754408907297,percent,False,0.255086,26.17,
15,5,Shawn Johnson,28.25,168631,0.12887331172113362,percent,False,0.651884,26.17,
15,5,Melissa Rycroft,28.25,166588,0.12731239392581772,percent,False,0.338634,26.17,
15,6,Gilles Marini,27.5,152294,0.11996370502701019,percent,False,0.190571,25.39,True
15,6,Sabrina Bryan,30.0,119788,0.09435876074059547,percent,True,0.211339,25.39,True
15,6,Kirstie Alley,27.5,149977,0.11813871497452229,percent,False,0.453145,25.39,True
15,6,Kelly Monaco,27.0,195776,0.15421507322355638,percent,False,1.0,25.39,True
15,6,Apolo Anton Ohno,30.0,162969,0.12837224184273896,percent,False,0.000442,25.39,True
15,6,Emmitt Smith,26.5,139449,0.10984551291223475,percent,False,0.255086,25.39,True
15,6,Shawn Johnson,28.0,157508,0.12407100160190966,percent,False,0.651884,25.39,True
15,6,Melissa Rycroft,29.5,191739,0.15103498967743229,percent,False,0.338634,25.39,True
15,7,Gilles Marini,33.4998,91785,0.13617978310016224,percent,False,0.190571,13.480000000000002,
15,7,Kirstie Alley,27.999899999999997,75459,0.11195709514563686,percent,False,0.453145,13.480000000000002,
15,7,Kelly Monaco,36.0,104453,0.15497477008544033,percent,False,1.0,13.480000000000002,
15,7,Apolo Anton Ohno,33.0,88595,0.13144640412241135,percent,False,0.000442,13.480000000000002,
15,7,Emmitt Smith,34.4999,95146,0.1411669093460396,percent,False,0.255086,13.480000000000002,
15,7,Shawn Johnson,37.9998,108297,0.16067861759844154,percent,False,0.651884,13.480000000000002,
15,7,Melissa Rycroft,38.9999,110264,0.16359642060186824,percent,False,0.338634,13.480000000000002,
15,8,Gilles Marini,29.2777,155194,0.11984077721634045,percent,True,0.190571,25.900000000000002,True
15,8,Kirstie Alley,25.5,169709,0.1310491833674002,percent,True,0.453145,25.900000000000002,True
15,8,Kelly Monaco,28.3333,218807,0.16896277782185104,percent,False,1.0,25.900000000000002,True
15,8,Apolo Anton Ohno,29.2777,155195,0.11984136934771833,percent,False,0.000442,25.900000000000002,True
15,8,Emmitt Smith,29.0554,201463,0.15556994281522227,percent,False,0.255086,25.900000000000002,True
15,8,Shawn Johnson,27.8333,197896,0.1528151820471258,percent,False,0.651884,25.900000000000002,True
15,8,Melissa Rycroft,30.0,196737,0.15192076738434188,percent,False,0.338634,25.900000000000002,True
15,9,Kelly Monaco,27.110999999999997,310207,0.22734138832804657,percent,False,1.0,27.29,True
15,9,Apolo Anton Ohno,28.611,236985,0.1736787497884445,percent,True,0.000442,27.29,True
15,9,Emmitt Smith,27.0,253395,0.1857051071447648,percent,True,0.255086,27.29,True
15,9,Shawn Johnson,29.5,286574,0.2100212075932999,percent,False,0.651884,27.29,True
15,9,Melissa Rycroft,28.7777,277339,0.2032535471454442,percent,False,0.338634,27.29,True
15,10,Kelly Monaco,29.1109,561656,0.3400884369580129,percent,False,1.0,33.03,
15,10,Shawn Johnson,28.944300000000002,543668,0.329196189191274,percent,False,0.651884,33.03,
15,10,Melissa Rycroft,29.333099999999998,546176,0.33071537385071315,percent,False,0.338634,33.03,
16,1,Ingo Rademacher,20.0,73431,0.08608607982729256,percent,False,0.131054,17.06,
16,1,Zendaya,24.0,95601,0.11207574199937852,percent,False,1.0,17.06,
16,1,Dorothy Hamill,21.0,79602,0.09332023376245703,percent,False,0.384688,17.06,
16,1,Victor Ortiz,18.0,65190,0.07642488314446867,percent,False,0.149021,17.06,
16,1,Alexandra Raisman,21.0,76713,0.08993339163436512,percent,False,0.059397,17.06,
16,1,Jacoby Jones,20.0,74425,0.0872504381108999,percent,False,0.369546,17.06,
16,1,D. L. Hughley,12.0,41644,0.04882076108632385,percent,False,0.369546,17.06,
16,1,Andy Dick,17.0,62465,0.07323020016989296,percent,False,0.378951,17.06,
16,1,Wynonna Judd,18.0,64848,0.07602323731483182,percent,False,0.176617,17.06,
16,1,Kellie Pickler,21.0,80634,0.0945295525821529,percent,False,0.871027,17.06,
16,1,Lisa Vanderpump,18.0,66476,0.07793228143342225,percent,False,0.510265,17.06,
16,1,Sean Lowe,19.0,71970,0.0843731989345144,percent,False,0.685781,17.06,
16,2,Ingo Rademacher,20.0,150455,0.0799015728767771,percent,False,0.131054,37.65999999999999,
16,2,Zendaya,26.0,214899,0.11412575288215818,percent,False,1.0,37.65999999999999,
16,2,Dorothy Hamill,15.0,110487,0.058675808204895034,percent,False,0.384688,37.65999999999999,
16,2,Victor Ortiz,18.0,133579,0.07093952644415885,percent,False,0.149021,37.65999999999999,
16,2,Alexandra Raisman,24.0,183503,0.09745263855595118,percent,False,0.059397,37.65999999999999,
16,2,Jacoby Jones,23.0,179313,0.09522721416419218,percent,False,0.369546,37.65999999999999,
16,2,D. L. Hughley,16.0,119009,0.06320194292182327,percent,False,0.369546,37.65999999999999,
16,2,Andy Dick,20.0,154488,0.08204377961886947,percent,False,0.378951,37.65999999999999,
16,2,Wynonna Judd,18.0,132864,0.07055970768995977,percent,False,0.176617,37.65999999999999,
16,2,Kellie Pickler,26.0,211734,0.11244526315369507,percent,False,0.871027,37.65999999999999,
16,2,Lisa Vanderpump,18.0,136190,0.07232587215890529,percent,False,0.510265,37.65999999999999,
16,2,Sean Lowe,20.0,156479,0.0831009213286146,percent,False,0.685781,37.65999999999999,
16,3,Ingo Rademacher,21.0,113357,0.08128869817684525,percent,False,0.131054,27.889999999999997,True
16,3,Zendaya,25.9998,177989,0.12763640902834816,percent,False,1.0,27.889999999999997,True
16,3,Victor Ortiz,23.0,127549,0.09146604636062573,percent,False,0.149021,27.889999999999997,True
16,3,Alexandra Raisman,23.0,109844,0.07876931780346398,percent,False,0.059397,27.889999999999997,True
16,3,Jacoby Jones,25.9998,148606,0.10656591268354537,percent,False,0.369546,27.889999999999997,True
16,3,D. L. Hughley,16.0,102375,0.07341357203817525,percent,False,0.369546,27.889999999999997,True
16,3,Andy Dick,18.0,117976,0.08460077037751478,percent,False,0.378951,27.889999999999997,True
16,3,Wynonna Judd,15.0,77510,0.0555823805290515,percent,True,0.176617,27.889999999999997,True
16,3,Kellie Pickler,25.0,151559,0.10868356732993532,percent,False,0.871027,27.889999999999997,True
16,3,Lisa Vanderpump,21.0,126078,0.09041102670086411,percent,False,0.510265,27.889999999999997,True
16,3,Sean Lowe,21.0,141657,0.1015822989716306,percent,False,0.685781,27.889999999999997,True
16,4,Ingo Rademacher,23.0,117544,0.0929936459874815,percent,False,0.131054,25.28,True
16,4,Zendaya,26.0,168251,0.13311023462344512,percent,False,1.0,25.28,True
16,4,Victor Ortiz,18.0,97411,0.07706603289364777,percent,False,0.149021,25.28,True
16,4,Alexandra Raisman,27.0,126238,0.09987147885444847,percent,False,0.059397,25.28,True
16,4,Jacoby Jones,24.0,130317,0.10309865798912035,percent,False,0.369546,25.28,True
16,4,D. L. Hughley,21.0,123563,0.09775526193121532,percent,False,0.369546,25.28,True
16,4,Andy Dick,21.0,125941,0.0996371115032792,percent,False,0.378951,25.28,True
16,4,Kellie Pickler,26.0,152666,0.12077980963432441,percent,False,0.871027,25.28,True
16,4,Lisa Vanderpump,18.0,97411,0.07706602150249761,percent,True,0.510265,25.28,True
16,4,Sean Lowe,20.0,124658,0.09862174508054003,percent,False,0.685781,25.28,True
16,5,Ingo Rademacher,21.0,118002,0.09031928436847503,percent,False,0.131054,26.130000000000003,True
16,5,Zendaya,29.0,206663,0.15818047929426204,percent,False,1.0,26.130000000000003,True
16,5,Victor Ortiz,21.0,121230,0.09279010905147703,percent,False,0.149021,26.130000000000003,True
16,5,Alexandra Raisman,25.0,124288,0.09513045550548536,percent,False,0.059397,26.130000000000003,True
16,5,Jacoby Jones,26.0,154697,0.11840552531910722,percent,False,0.369546,26.130000000000003,True
16,5,D. L. Hughley,18.0,119892,0.09176544978494107,percent,True,0.369546,26.130000000000003,True
16,5,Andy Dick,18.0,122810,0.09399930382473562,percent,False,0.378951,26.130000000000003,True
16,5,Kellie Pickler,27.0,170391,0.13041812728308827,percent,False,0.871027,26.130000000000003,True
16,5,Sean Lowe,24.0,168527,0.12899126556842838,percent,False,0.685781,26.130000000000003,True
16,6,Ingo Rademacher,23.0,146153,0.1106381327172143,percent,False,0.131054,26.42,True
16,6,Zendaya,25.5,205501,0.15556463628878017,percent,False,1.0,26.42,True
16,6,Victor Ortiz,20.0,130566,0.09883896620971717,percent,True,0.149021,26.42,True
16,6,Alexandra Raisman,26.0,146174,0.11065440921270564,percent,False,0.059397,26.42,True
16,6,Jacoby Jones,22.5,151391,0.11460325356297875,percent,False,0.369546,26.42,True
16,6,Andy Dick,21.5,165886,0.12557592914728505,percent,False,0.378951,26.42,True
16,6,Kellie Pickler,27.0,192689,0.14586589732196162,percent,False,0.871027,26.42,True
16,6,Sean Lowe,23.0,182640,0.13825877553935728,percent,False,0.685781,26.42,True
16,7,Ingo Rademacher,25.0,149766,0.12306176785127845,percent,False,0.131054,24.34,True
16,7,Zendaya,30.0,227923,0.1872828854364212,percent,False,1.0,24.34,True
16,7,Alexandra Raisman,32.0,169606,0.13936428588622546,percent,False,0.059397,24.34,True
16,7,Jacoby Jones,27.0,171267,0.14072923699202508,percent,False,0.369546,24.34,True
16,7,Andy Dick,17.0,123656,0.10160685319684092,percent,True,0.378951,24.34,True
16,7,Kellie Pickler,29.0,195112,0.16032237630300275,percent,False,0.871027,24.34,True
16,7,Sean Lowe,24.0,179669,0.14763259433420606,percent,False,0.685781,24.34,True
16,8,Ingo Rademacher,24.0,168569,0.14100316096607413,percent,False,0.131054,23.909999999999997,True
16,8,Zendaya,29.0,258321,0.2160773778409862,percent,False,1.0,23.909999999999997,True
16,8,Alexandra Raisman,28.0,173998,0.14554390154547087,percent,False,0.059397,23.909999999999997,True
16,8,Jacoby Jones,26.0,193365,0.16174407580362635,percent,False,0.369546,23.909999999999997,True
16,8,Kellie Pickler,27.5,216927,0.18145264499820057,percent,False,0.871027,23.909999999999997,True
16,8,Sean Lowe,21.0,184321,0.15417883884564185,percent,True,0.685781,23.909999999999997,True
16,9,Ingo Rademacher,25.5,213798,0.1696812779698266,percent,True,0.131054,25.2,True
16,9,Zendaya,27.5,292409,0.2320706058032444,percent,False,1.0,25.2,True
16,9,Alexandra Raisman,29.5,218829,0.17367373187486657,percent,False,0.059397,25.2,True
16,9,Jacoby Jones,29.5,261893,0.20785151282742909,percent,False,0.369546,25.2,True
16,9,Kellie Pickler,29.0,273071,0.21672287152463335,percent,False,0.871027,25.2,True
16,10,Zendaya,30.0,451756,0.2994736927319715,percent,False,1.0,30.17,True
16,10,Alexandra Raisman,29.0,304653,0.20195755269726143,percent,True,0.059397,30.17,True
16,10,Jacoby Jones,27.999899999999997,352033,0.23336602838674841,percent,False,0.369546,30.17,True
16,10,Kellie Pickler,30.0,400058,0.2652027261840186,percent,False,0.871027,30.17,True
17,1,Valerie Harper,21.0,66407,0.08280149336737984,percent,False,0.429427,16.039999999999996,
17,1,Brant Daugherty,22.0,69230,0.08632180526721768,percent,False,0.33622,16.039999999999996,
17,1,Elizabeth Berkley Lauren,24.0,74246,0.09257596786639141,percent,False,0.015018,16.039999999999996,
17,1,Leah Remini,21.0,66302,0.08267127589568163,percent,False,0.537093,16.039999999999996,
17,1,Corbin Bleu,24.0,76802,0.09576358957080428,percent,False,0.431412,16.039999999999996,
17,1,Amber Riley,27.0,86591,0.10796906603814627,percent,False,0.293132,16.039999999999996,
17,1,Keyshawn Johnson,17.0,50535,0.06301067662011275,percent,False,0.109591,16.039999999999996,
17,1,Bill Engvall,18.0,54937,0.06850029368217943,percent,False,0.228429,16.039999999999996,
17,1,Christina Milian,22.0,69477,0.08662925491345527,percent,False,0.569715,16.039999999999996,
17,1,"Nicole ""Snooki"" Polizzi",23.0,72417,0.09029584563770394,percent,False,0.293132,16.039999999999996,
17,1,Jack Osbourne,23.0,72163,0.08997883778100801,percent,False,0.211876,16.039999999999996,
17,1,Bill Nye,14.0,42892,0.05348189335991938,percent,False,1.0,16.039999999999996,
17,2,Valerie Harper,19.0,54508,0.08033547505322633,percent,False,0.429427,13.569999999999999,True
17,2,Brant Daugherty,23.0,59912,0.08829993753028058,percent,False,0.33622,13.569999999999999,True
17,2,Elizabeth Berkley Lauren,25.0,52044,0.07670493801821933,percent,False,0.015018,13.569999999999999,True
17,2,Leah Remini,24.0,65044,0.09586435219956271,percent,False,0.537093,13.569999999999999,True
17,2,Corbin Bleu,26.0,67252,0.09911865926616505,percent,False,0.431412,13.569999999999999,True
17,2,Amber Riley,24.0,53933,0.07948930691162816,percent,False,0.293132,13.569999999999999,True
17,2,Keyshawn Johnson,18.0,42846,0.06314803743033844,percent,True,0.109591,13.569999999999999,True
17,2,Bill Engvall,21.0,57507,0.08475535830321004,percent,False,0.228429,13.569999999999999,True
17,2,Christina Milian,25.0,61338,0.09040189091323743,percent,False,0.569715,13.569999999999999,True
17,2,"Nicole ""Snooki"" Polizzi",20.0,49240,0.07257246603314224,percent,False,0.293132,13.569999999999999,True
17,2,Jack Osbourne,24.0,58725,0.08655070681819117,percent,False,0.211876,13.569999999999999,True
17,2,Bill Nye,17.0,56152,0.08275887152279852,percent,False,1.0,13.569999999999999,True
17,3,Valerie Harper,16.0,49606,0.07573447851835355,percent,False,0.429427,13.1,True
17,3,Brant Daugherty,27.0,70777,0.10805633354140856,percent,False,0.33622,13.1,True
17,3,Elizabeth Berkley Lauren,25.0,52109,0.07955540040460468,percent,False,0.015018,13.1,True
17,3,Leah Remini,24.0,65366,0.09979514391613857,percent,False,0.537093,13.1,True
17,3,Corbin Bleu,26.0,67638,0.1032636531230131,percent,False,0.431412,13.1,True
17,3,Amber Riley,24.0,54041,0.08250571937642552,percent,False,0.293132,13.1,True
17,3,Bill Engvall,24.0,66025,0.1008009893486004,percent,False,0.228429,13.1,True
17,3,Christina Milian,26.0,64133,0.09791223422846289,percent,False,0.569715,13.1,True
17,3,"Nicole ""Snooki"" Polizzi",25.0,61806,0.09436062572632742,percent,False,0.293132,13.1,True
17,3,Jack Osbourne,22.0,53894,0.08228119892484566,percent,False,0.211876,13.1,True
17,3,Bill Nye,16.0,49606,0.07573422289181962,percent,True,1.0,13.1,True
17,4,Valerie Harper,18.0,56668,0.08718203626495181,percent,True,0.429427,13.0,True
17,4,Brant Daugherty,21.0,60030,0.09235333714843813,percent,False,0.33622,13.0,True
17,4,Elizabeth Berkley Lauren,27.0,61682,0.09489598037854377,percent,False,0.015018,13.0,True
17,4,Leah Remini,24.0,71379,0.10981404269139458,percent,False,0.537093,13.0,True
17,4,Corbin Bleu,27.0,76641,0.11790889603585497,percent,False,0.431412,13.0,True
17,4,Amber Riley,27.0,66585,0.10243820758494034,percent,False,0.293132,13.0,True
17,4,Bill Engvall,21.0,63108,0.097088524790566,percent,False,0.228429,13.0,True
17,4,Christina Milian,24.0,64619,0.09941444348337797,percent,False,0.569715,13.0,True
17,4,"Nicole ""Snooki"" Polizzi",24.0,64844,0.09975940837812995,percent,False,0.293132,13.0,True
17,4,Jack Osbourne,24.0,64444,0.09914512324380267,percent,False,0.211876,13.0,True
17,5,Brant Daugherty,27.0,86035,0.1324632635506976,percent,False,0.33622,12.99,True
17,5,Elizabeth Berkley Lauren,26.0,62772,0.09664606142654338,percent,False,0.015018,12.99,True
17,5,Leah Remini,22.0,63260,0.09739756777292159,percent,False,0.537093,12.99,True
17,5,Corbin Bleu,28.0,85549,0.13171578869918374,percent,False,0.431412,12.99,True
17,5,Amber Riley,26.0,83197,0.12809337808785667,percent,False,0.293132,12.99,True
17,5,Bill Engvall,24.0,72370,0.11142364598277195,percent,False,0.228429,12.99,True
17,5,Christina Milian,28.0,46677,0.07186564623096982,percent,True,0.569715,12.99,True
17,5,"Nicole ""Snooki"" Polizzi",27.0,78472,0.12081963434972275,percent,False,0.293132,12.99,True
17,5,Jack Osbourne,27.0,71169,0.10957501389933247,percent,False,0.211876,12.99,True
17,6,Brant Daugherty,31.0,91121,0.13651126646929393,percent,False,0.33622,13.35,
17,6,Elizabeth Berkley Lauren,31.9998,91638,0.1372854716143001,percent,False,0.015018,13.35,
17,6,Leah Remini,27.999899999999997,81860,0.12263699098128782,percent,False,0.537093,13.35,
17,6,Corbin Bleu,26.999899999999997,77851,0.11663037131053378,percent,False,0.431412,13.35,
17,6,Amber Riley,31.999899999999997,93221,0.13965752692678696,percent,False,0.293132,13.35,
17,6,Bill Engvall,23.9999,67812,0.10159061411450507,percent,False,0.228429,13.35,
17,6,"Nicole ""Snooki"" Polizzi",30.0,87146,0.13055586303026273,percent,False,0.293132,13.35,
17,6,Jack Osbourne,26.9998,76851,0.11513189555302965,percent,False,0.211876,13.35,
17,7,Brant Daugherty,28.5,89742,0.13515288370608827,percent,False,0.33622,13.28,True
17,7,Elizabeth Berkley Lauren,27.0,64769,0.09754384402314066,percent,False,0.015018,13.28,True
17,7,Leah Remini,26.5,86813,0.13074317706402935,percent,False,0.537093,13.28,True
17,7,Corbin Bleu,29.5,92232,0.13890374123617108,percent,False,0.431412,13.28,True
17,7,Amber Riley,29.5,80086,0.12061109609093192,percent,False,0.293132,13.28,True
17,7,Bill Engvall,25.0,101306,0.15256957784430286,percent,False,0.228429,13.28,True
17,7,"Nicole ""Snooki"" Polizzi",27.0,64768,0.09754254908113114,percent,True,0.293132,13.28,True
17,7,Jack Osbourne,28.5,84284,0.12693313095420458,percent,False,0.211876,13.28,True
17,8,Brant Daugherty,27.0,66213,0.09652024430597092,percent,True,0.33622,13.72,True
17,8,Elizabeth Berkley Lauren,25.0,73359,0.1069370363777067,percent,False,0.015018,13.72,True
17,8,Leah Remini,28.0,108906,0.15875449699633112,percent,False,0.537093,13.72,True
17,8,Corbin Bleu,30.0,111318,0.16227127742593095,percent,False,0.431412,13.72,True
17,8,Amber Riley,28.0,86149,0.12558225051356797,percent,False,0.293132,13.72,True
17,8,Bill Engvall,24.0,134740,0.1964139106724948,percent,False,0.228429,13.72,True
17,8,Jack Osbourne,30.0,105315,0.15352078370799757,percent,False,0.211876,13.72,True
17,9,Elizabeth Berkley Lauren,28.0,71433,0.11365600146607138,percent,True,0.015018,12.57,True
17,9,Leah Remini,27.0,123295,0.19617293217416681,percent,False,0.537093,12.57,True
17,9,Corbin Bleu,29.0,120774,0.19216263320489713,percent,False,0.431412,12.57,True
17,9,Amber Riley,25.5,93569,0.1488774375347333,percent,False,0.293132,12.57,True
17,9,Bill Engvall,21.0,99366,0.15810045877925033,percent,False,0.228429,12.57,True
17,9,Jack Osbourne,27.0,120063,0.19103053684088103,percent,False,0.211876,12.57,True
17,10,Leah Remini,32.5,127703,0.1850762602098109,percent,True,0.537093,13.8,True
17,10,Corbin Bleu,37.5,151330,0.21931832586512381,percent,False,0.431412,13.8,True
17,10,Amber Riley,39.5,137911,0.19987137100498573,percent,False,0.293132,13.8,True
17,10,Bill Engvall,30.0,137561,0.19936423533540965,percent,False,0.228429,13.8,True
17,10,Jack Osbourne,35.5,135495,0.19636980758466996,percent,False,0.211876,13.8,True
17,11,Corbin Bleu,29.6664,394578,0.2687861186778247,percent,False,0.431412,29.36,True
17,11,Amber Riley,31.333199999999998,362066,0.24663921892053517,percent,False,0.293132,29.36,True
17,11,Bill Engvall,25.499899999999997,359064,0.24459426153064534,percent,True,0.228429,29.36,True
17,11,Jack Osbourne,27.999899999999997,352291,0.23998040087099481,percent,False,0.211876,29.36,True
18,1,Billy Dee Williams,15.0,40979,0.05308171691149801,percent,False,0.175484,15.44,
18,1,Danica McKellar,24.0,72487,0.09389478344376724,percent,False,0.71524,15.44,
18,1,James Maslow,21.0,62333,0.08074246542614637,percent,False,0.648553,15.44,
18,1,Candace Cameron Bure,25.0,72829,0.09433804592922436,percent,False,0.086736,15.44,
18,1,Sean Avery,20.0,56303,0.07293173219254344,percent,False,0.045202,15.44,
18,1,Diana Nyad,18.0,51007,0.06607186960156124,percent,False,0.6443725,15.44,
18,1,Charlie White,27.0,80943,0.10484817486481474,percent,False,0.204477,15.44,
18,1,Amy Purdy,24.0,71936,0.09318094686461399,percent,False,0.65421,15.44,
18,1,Meryl Davis,24.0,72261,0.09360255004176884,percent,False,0.640192,15.44,
18,1,Drew Carey,21.0,61587,0.07977638653795686,percent,False,0.378508,15.44,
18,1,Cody Simpson,22.0,65746,0.08516338330514023,percent,False,0.759194,15.44,
18,1,NeNe Leakes,21.0,63588,0.08236794488096448,percent,False,1.0,15.44,
18,2,Billy Dee Williams,15.0,49458,0.06751998443453847,percent,False,0.175484,14.65,True
18,2,Danica McKellar,24.0,74138,0.1012120274968734,percent,False,0.71524,14.65,True
18,2,James Maslow,25.0,82935,0.11322128002027794,percent,False,0.648553,14.65,True
18,2,Candace Cameron Bure,21.0,65841,0.08988484770920549,percent,False,0.086736,14.65,True
18,2,Sean Avery,21.0,31446,0.04292947645669772,percent,True,0.045202,14.65,True
18,2,Charlie White,25.0,70088,0.09568365187108807,percent,False,0.204477,14.65,True
18,2,Amy Purdy,24.0,69437,0.09479495565096249,percent,False,0.65421,14.65,True
18,2,Meryl Davis,25.0,76867,0.10493835191372536,percent,False,0.640192,14.65,True
18,2,Drew Carey,21.0,66952,0.09140137517311038,percent,False,0.378508,14.65,True
18,2,Cody Simpson,22.0,69358,0.09468630765296909,percent,False,0.759194,14.65,True
18,2,NeNe Leakes,21.0,75981,0.10372774162055151,percent,False,1.0,14.65,True
18,3,Danica McKellar,36.0,82582,0.11713702504686091,percent,False,0.71524,14.1,
18,3,James Maslow,36.0,82918,0.1176139440619112,percent,False,0.648553,14.1,
18,3,Candace Cameron Bure,32.0,69070,0.09797148100934755,percent,False,0.086736,14.1,
18,3,Charlie White,36.0,80484,0.11416239834142976,percent,False,0.204477,14.1,
18,3,Amy Purdy,36.0,81955,0.11624825464302203,percent,False,0.65421,14.1,
18,3,Meryl Davis,39.0,90348,0.12815365148322386,percent,False,0.640192,14.1,
18,3,Drew Carey,30.0,66343,0.09410307071515402,percent,False,0.378508,14.1,
18,3,Cody Simpson,35.0,80197,0.11375520778154843,percent,False,0.759194,14.1,
18,3,NeNe Leakes,31.0,71103,0.10085496691750206,percent,False,1.0,14.1,
18,4,Danica McKellar,32.0,77926,0.10770629045315196,percent,False,0.71524,14.470000000000002,
18,4,James Maslow,35.0,86820,0.11999939925259442,percent,False,0.648553,14.470000000000002,
18,4,Candace Cameron Bure,28.0,64010,0.08847249640916395,percent,False,0.086736,14.470000000000002,
18,4,Charlie White,33.0,78718,0.10880207245955761,percent,False,0.204477,14.470000000000002,
18,4,Amy Purdy,34.0,82973,0.11468330755744127,percent,False,0.65421,14.470000000000002,
18,4,Meryl Davis,39.0,97749,0.13510618507213593,percent,False,0.640192,14.470000000000002,
18,4,Drew Carey,33.0,80133,0.1107567909031836,percent,False,0.378508,14.470000000000002,
18,4,Cody Simpson,31.0,75363,0.10416420043664965,percent,False,0.759194,14.470000000000002,
18,4,NeNe Leakes,32.0,79809,0.1103092574561214,percent,False,1.0,14.470000000000002,
18,5,Danica McKellar,39.0,89113,0.12058546922882532,percent,False,0.71524,14.779999999999998,True
18,5,James Maslow,40.0,98745,0.1336191709422904,percent,False,0.648553,14.779999999999998,True
18,5,Candace Cameron Bure,35.0,89116,0.12058939618549877,percent,False,0.086736,14.779999999999998,True
18,5,Charlie White,37.0,79606,0.10772081814557956,percent,False,0.204477,14.779999999999998,True
18,5,Amy Purdy,37.0,79843,0.10804160137421441,percent,False,0.65421,14.779999999999998,True
18,5,Meryl Davis,36.0,83480,0.1129636147388225,percent,False,0.640192,14.779999999999998,True
18,5,Drew Carey,28.0,67535,0.09138762386780223,percent,False,0.378508,14.779999999999998,True
18,5,Cody Simpson,34.0,53765,0.07275405207589589,percent,True,0.759194,14.779999999999998,True
18,5,NeNe Leakes,36.0,97798,0.13233825344107095,percent,False,1.0,14.779999999999998,True
18,6,Danica McKellar,36.0,94453,0.13435723181358356,percent,False,0.71524,14.06,True
18,6,James Maslow,35.0,91222,0.12976118721982421,percent,False,0.648553,14.06,True
18,6,Candace Cameron Bure,32.0,72475,0.10309317704644634,percent,False,0.086736,14.06,True
18,6,Charlie White,36.0,100209,0.14254490359159513,percent,False,0.204477,14.06,True
18,6,Amy Purdy,38.0,95436,0.13575519687907492,percent,False,0.65421,14.06,True
18,6,Meryl Davis,40.0,87628,0.12464894318341244,percent,False,0.640192,14.06,True
18,6,Drew Carey,32.0,72474,0.10309316576251337,percent,True,0.378508,14.06,True
18,6,NeNe Leakes,33.0,89103,0.1267461945035499,percent,False,1.0,14.06,True
18,7,Danica McKellar,36.0,118228,0.14890146279884844,percent,False,0.71524,15.879999999999999,True
18,7,James Maslow,35.0,104029,0.1310186590648073,percent,False,0.648553,15.879999999999999,True
18,7,Candace Cameron Bure,37.0,94660,0.11921970872517125,percent,False,0.086736,15.879999999999999,True
18,7,Charlie White,35.5,117835,0.148406271580379,percent,False,0.204477,15.879999999999999,True
18,7,Amy Purdy,37.5,127268,0.160286862034825,percent,False,0.65421,15.879999999999999,True
18,7,Meryl Davis,39.0,124767,0.15713722659065016,percent,False,0.640192,15.879999999999999,True
18,7,NeNe Leakes,33.0,107214,0.13502980920531885,percent,True,1.0,15.879999999999999,True
18,8,Danica McKellar,38.0,86284,0.13153046726555187,percent,True,0.71524,13.12,True
18,8,James Maslow,36.0,130854,0.19947263899394715,percent,False,0.648553,13.12,True
18,8,Candace Cameron Bure,36.0,92089,0.1403800631237503,percent,False,0.086736,13.12,True
18,8,Charlie White,40.0,110796,0.1688962916128955,percent,False,0.204477,13.12,True
18,8,Amy Purdy,40.0,114171,0.17404107108423375,percent,False,0.65421,13.12,True
18,8,Meryl Davis,36.0,121806,0.18567946791962153,percent,False,0.640192,13.12,True
18,9,James Maslow,38.0,162990,0.22700562371873412,percent,False,0.648553,14.36,True
18,9,Candace Cameron Bure,36.0,129205,0.17995079713271314,percent,False,0.086736,14.36,True
18,9,Charlie White,38.0,121686,0.16947926576112807,percent,True,0.204477,14.36,True
18,9,Amy Purdy,39.0,145429,0.20254714292100207,percent,False,0.65421,14.36,True
18,9,Meryl Davis,40.0,158690,0.22101717046642255,percent,False,0.640192,14.36,True
18,10,James Maslow,29.0,450683,0.21273700892104944,percent,True,0.648553,42.370000000000005,True
18,10,Candace Cameron Bure,25.9998,506114,0.23890210387937866,percent,False,0.086736,42.370000000000005,True
18,10,Amy Purdy,29.666600000000003,584965,0.2761222379339998,percent,False,0.65421,42.370000000000005,True
18,10,Meryl Davis,30.0,576738,0.27223864926557206,percent,False,0.640192,42.370000000000005,True
19,1,Antonio Sabato Jr.,25.0,91561,0.06957525055814011,percent,False,0.4920065,26.319999999999997,True
19,1,Jonathan Bennett,30.0,96616,0.0734167117207227,percent,False,0.252942,26.319999999999997,True
19,1,Lea Thompson,32.0,110714,0.08412930645720937,percent,False,0.469776,26.319999999999997,True
19,1,Janel Parrish,29.0,96474,0.07330820920216068,percent,False,0.43501,26.319999999999997,True
19,1,Alfonso Ribeiro,36.0,130004,0.09878713420380052,percent,False,0.519163,26.319999999999997,True
19,1,Lolo Jones,22.0,71378,0.05423868705371253,percent,True,0.289246,26.319999999999997,True
19,1,Randy Couture,31.0,95409,0.07249924063408028,percent,False,0.113234,26.319999999999997,True
19,1,Tommy Chong,27.0,110491,0.08395998692854635,percent,False,0.551926,26.319999999999997,True
19,1,Betsey Johnson,20.0,78454,0.05961518881141003,percent,False,0.514237,26.319999999999997,True
19,1,Michael Waltrip,25.0,84302,0.06405901234702675,percent,False,0.202854,26.319999999999997,True
19,1,Tavis Smiley,29.0,100706,0.07652449356428884,percent,False,0.113452,26.319999999999997,True
19,1,Bethany Mota,32.0,111887,0.0850207736174816,percent,False,0.958227,26.319999999999997,True
19,1,Sadie Robertson,34.0,138004,0.10486600490142017,percent,False,1.0,26.319999999999997,True
19,2,Antonio Sabato Jr.,31.0,101542,0.0893858025727499,percent,False,0.4920065,22.72,True
19,2,Jonathan Bennett,30.0,86711,0.07633019434494616,percent,False,0.252942,22.72,True
19,2,Lea Thompson,35.0,101533,0.08937793693748489,percent,False,0.469776,22.72,True
19,2,Janel Parrish,34.0,94746,0.08340308348185535,percent,False,0.43501,22.72,True
19,2,Alfonso Ribeiro,32.0,100911,0.0888305289869384,percent,False,0.519163,22.72,True
19,2,Randy Couture,28.0,83931,0.07388250123453588,percent,False,0.113234,22.72,True
19,2,Tommy Chong,28.0,109055,0.09599939426558599,percent,False,0.551926,22.72,True
19,2,Betsey Johnson,28.0,101430,0.08928723371363162,percent,False,0.514237,22.72,True
19,2,Michael Waltrip,24.0,85049,0.07486725103357307,percent,False,0.202854,22.72,True
19,2,Tavis Smiley,28.0,72497,0.06381751172514365,percent,True,0.113452,22.72,True
19,2,Bethany Mota,33.0,90551,0.07971030569167732,percent,False,0.958227,22.72,True
19,2,Sadie Robertson,31.0,108043,0.09510825601187779,percent,False,1.0,22.72,True
19,3,Antonio Sabato Jr.,29.0,52776,0.08444115594360095,percent,False,0.4920065,12.5,True
19,3,Jonathan Bennett,32.0,51054,0.08168695544473163,percent,False,0.252942,12.5,True
19,3,Lea Thompson,31.0,53136,0.08501763114795083,percent,False,0.469776,12.5,True
19,3,Janel Parrish,40.0,65898,0.10543648746513867,percent,False,0.43501,12.5,True
19,3,Alfonso Ribeiro,32.0,57272,0.09163473497425784,percent,False,0.519163,12.5,True
19,3,Randy Couture,26.0,39627,0.06340301542074832,percent,True,0.113234,12.5,True
19,3,Tommy Chong,34.0,69286,0.1108583065738858,percent,False,0.551926,12.5,True
19,3,Betsey Johnson,29.0,55609,0.08897519280864553,percent,False,0.514237,12.5,True
19,3,Michael Waltrip,28.0,46915,0.07506404710280108,percent,False,0.202854,12.5,True
19,3,Bethany Mota,40.0,69035,0.11045624230689997,percent,False,0.958227,12.5,True
19,3,Sadie Robertson,32.0,64391,0.10302623081133934,percent,False,1.0,12.5,True
19,4,Antonio Sabato Jr.,29.0,60769,0.09539871150605604,percent,False,0.4920065,12.739999999999998,True
19,4,Jonathan Bennett,24.0,35236,0.055316272828548736,percent,False,0.252942,12.739999999999998,True
19,4,Lea Thompson,39.0,74615,0.1171346492270564,percent,False,0.469776,12.739999999999998,True
19,4,Janel Parrish,36.0,66143,0.10383496832351295,percent,False,0.43501,12.739999999999998,True
19,4,Alfonso Ribeiro,40.0,80131,0.12579483064846778,percent,False,0.519163,12.739999999999998,True
19,4,Tommy Chong,28.0,65327,0.1025539405177864,percent,False,0.551926,12.739999999999998,True
19,4,Betsey Johnson,29.0,25283,0.03969126243884211,percent,True,0.514237,12.739999999999998,True
19,4,Michael Waltrip,25.0,83143,0.13052240719528535,percent,False,0.202854,12.739999999999998,True
19,4,Bethany Mota,33.0,62914,0.09876537755761873,percent,False,0.958227,12.739999999999998,True
19,4,Sadie Robertson,37.0,83439,0.13098757975682543,percent,False,1.0,12.739999999999998,True
19,5,Antonio Sabato Jr.,28.0,66756,0.10479810302743862,percent,False,0.4920065,12.74,
19,5,Jonathan Bennett,24.0,54752,0.08595238892020705,percent,False,0.252942,12.74,
19,5,Lea Thompson,34.0,83101,0.130456447824469,percent,False,0.469776,12.74,
19,5,Janel Parrish,33.0,79902,0.12543523109579302,percent,False,0.43501,12.74,
19,5,Alfonso Ribeiro,34.0,83558,0.13117361162034819,percent,False,0.519163,12.74,
19,5,Tommy Chong,23.0,53863,0.08455740500290053,percent,False,0.551926,12.74,
19,5,Michael Waltrip,20.0,44484,0.06983295356013325,percent,False,0.202854,12.74,
19,5,Bethany Mota,32.0,78858,0.12379534652651432,percent,False,0.958227,12.74,
19,5,Sadie Robertson,36.0,91727,0.14399851242219608,percent,False,1.0,12.74,
19,6,Antonio Sabato Jr.,28.0,64334,0.10228037812360959,percent,False,0.4920065,12.58,True
19,6,Jonathan Bennett,32.0,54955,0.08736858900079532,percent,True,0.252942,12.58,True
19,6,Lea Thompson,32.0,62201,0.09888799470315927,percent,False,0.469776,12.58,True
19,6,Janel Parrish,33.0,62934,0.10005386718765906,percent,False,0.43501,12.58,True
19,6,Alfonso Ribeiro,39.0,85239,0.13551498148798785,percent,False,0.519163,12.58,True
19,6,Tommy Chong,28.0,74861,0.11901535598684149,percent,False,0.551926,12.58,True
19,6,Michael Waltrip,30.0,59249,0.09419570845525516,percent,False,0.202854,12.58,True
19,6,Bethany Mota,36.0,79910,0.12704270353152414,percent,False,0.958227,12.58,True
19,6,Sadie Robertson,35.0,85318,0.13564042152316816,percent,False,1.0,12.58,True
19,7,Antonio Sabato Jr.,29.5,66333,0.10512300490580995,percent,True,0.4920065,12.62,True
19,7,Lea Thompson,35.0,82583,0.13087668796160382,percent,False,0.469776,12.62,True
19,7,Janel Parrish,33.5,84070,0.13323270280167263,percent,False,0.43501,12.62,True
19,7,Alfonso Ribeiro,34.0,82541,0.13080973777202004,percent,False,0.519163,12.62,True
19,7,Tommy Chong,30.0,83388,0.1321527870400711,percent,False,0.551926,12.62,True
19,7,Michael Waltrip,28.0,69994,0.1109257258232796,percent,False,0.202854,12.62,True
19,7,Bethany Mota,37.5,79961,0.12672164131912603,percent,False,0.958227,12.62,True
19,7,Sadie Robertson,31.0,82130,0.1301577123764168,percent,False,1.0,12.62,True
19,8,Lea Thompson,32.0,80572,0.12310502283555405,percent,False,0.469776,13.090000000000002,True
19,8,Janel Parrish,43.0,104061,0.15899295535842095,percent,False,0.43501,13.090000000000002,True
19,8,Alfonso Ribeiro,41.0,107791,0.16469199675707957,percent,False,0.519163,13.090000000000002,True
19,8,Tommy Chong,29.0,86811,0.13263734180805156,percent,False,0.551926,13.090000000000002,True
19,8,Michael Waltrip,25.0,61532,0.09401398068302068,percent,True,0.202854,13.090000000000002,True
19,8,Bethany Mota,40.0,101409,0.15494185568888874,percent,False,0.958227,13.090000000000002,True
19,8,Sadie Robertson,38.0,112323,0.1716168468689845,percent,False,1.0,13.090000000000002,True
19,9,Lea Thompson,35.0,91377,0.1374095687230827,percent,True,0.469776,13.299999999999999,True
19,9,Janel Parrish,38.5,108327,0.1628981227556477,percent,False,0.43501,13.299999999999999,True
19,9,Alfonso Ribeiro,38.5,119934,0.18035258887687752,percent,False,0.519163,13.299999999999999,True
19,9,Tommy Chong,28.5,111576,0.1677835868753888,percent,False,0.551926,13.299999999999999,True
19,9,Bethany Mota,37.0,105826,0.15913675095776045,percent,False,0.958227,13.299999999999999,True
19,9,Sadie Robertson,36.5,127959,0.19241938181124282,percent,False,1.0,13.299999999999999,True
19,10,Janel Parrish,39.0,137210,0.19203602129457348,percent,False,0.43501,14.289999999999997,True
19,10,Alfonso Ribeiro,37.5,143328,0.20059891144324343,percent,False,0.519163,14.289999999999997,True
19,10,Tommy Chong,31.0,134909,0.18881572975428598,percent,True,0.551926,14.289999999999997,True
19,10,Bethany Mota,38.0,140056,0.19602028860210866,percent,False,0.958227,14.289999999999997,True
19,10,Sadie Robertson,37.0,158997,0.22252904890578845,percent,False,1.0,14.289999999999997,True
19,11,Janel Parrish,38.99980000000001,482727,0.22899778676751692,percent,False,0.43501,42.160000000000004,True
19,11,Alfonso Ribeiro,40.0,537870,0.2551563752507452,percent,False,0.519163,42.160000000000004,True
19,11,Bethany Mota,38.0,492745,0.2337501507809106,percent,True,0.958227,42.160000000000004,True
19,11,Sadie Robertson,39.333200000000005,594658,0.28209568720082734,percent,False,1.0,42.160000000000004,True
20,1,Suzanne Somers,25.0,54853,0.07747644607266244,percent,False,0.353053,14.159999999999998,
20,1,Willow Shields,25.0,54186,0.07653400199977028,percent,False,0.258219,14.159999999999998,
20,1,Riker Lynch,31.0,70383,0.09941074989404283,percent,False,0.38398,14.159999999999998,
20,1,Rumer Willis,32.0,75064,0.10602280224174487,percent,False,0.836254,14.159999999999998,
20,1,Nastia Liukin,30.0,66093,0.09335115275709228,percent,False,0.12229,14.159999999999998,
20,1,Michael Sam,26.0,56520,0.07983016422199408,percent,False,0.094176,14.159999999999998,
20,1,Robert Herjavec,28.0,63480,0.08966078452720204,percent,False,0.487577,14.159999999999998,
20,1,Charlotte McKinney,22.0,48967,0.06916282068947345,percent,False,1.0,14.159999999999998,
20,1,Noah Galloway,26.0,57829,0.08167962976521949,percent,False,0.246332,14.159999999999998,
20,1,Redfoo,22.0,47412,0.06696578544130702,percent,False,0.38398,14.159999999999998,
20,1,Patti LaBelle,25.0,55181,0.07793926793006481,percent,False,0.548457,14.159999999999998,
20,1,Chris Soules,26.0,58032,0.08196639445942644,percent,False,0.526406,14.159999999999998,
20,2,Suzanne Somers,28.0,67754,0.09784021902491373,percent,False,0.353053,13.85,True
20,2,Willow Shields,32.0,50810,0.07337233111648184,percent,False,0.258219,13.85,True
20,2,Riker Lynch,32.0,58704,0.08477154020701075,percent,False,0.38398,13.85,True
20,2,Rumer Willis,32.0,66690,0.09630297710725315,percent,False,0.836254,13.85,True
20,2,Nastia Liukin,34.0,51902,0.07494929588136452,percent,False,0.12229,13.85,True
20,2,Michael Sam,28.0,44510,0.06427412835800538,percent,False,0.094176,13.85,True
20,2,Robert Herjavec,28.0,73890,0.10670039760732242,percent,False,0.487577,13.85,True
20,2,Charlotte McKinney,26.0,62103,0.08967905912336593,percent,False,1.0,13.85,True
20,2,Noah Galloway,27.0,73430,0.10603671552183037,percent,False,0.246332,13.85,True
20,2,Redfoo,31.0,31194,0.04504488025629794,percent,True,0.38398,13.85,True
20,2,Patti LaBelle,28.0,60362,0.08716497956872912,percent,False,0.548457,13.85,True
20,2,Chris Soules,21.0,51150,0.07386347622742466,percent,False,0.526406,13.85,True
20,3,Suzanne Somers,25.0,54144,0.07869759716623112,percent,False,0.353053,13.759999999999998,True
20,3,Willow Shields,32.0,62655,0.09106883434615569,percent,False,0.258219,13.759999999999998,True
20,3,Riker Lynch,34.0,72710,0.10568277109340685,percent,False,0.38398,13.759999999999998,True
20,3,Rumer Willis,33.0,80205,0.11657743621124442,percent,False,0.836254,13.759999999999998,True
20,3,Nastia Liukin,34.0,60357,0.08772844863838442,percent,False,0.12229,13.759999999999998,True
20,3,Michael Sam,24.0,55751,0.08103414541048004,percent,False,0.094176,13.759999999999998,True
20,3,Robert Herjavec,29.0,70264,0.1021279607706497,percent,False,0.487577,13.759999999999998,True
20,3,Charlotte McKinney,22.0,47395,0.06888783907037203,percent,True,1.0,13.759999999999998,True
20,3,Noah Galloway,30.0,73002,0.10610820356433948,percent,False,0.246332,13.759999999999998,True
20,3,Patti LaBelle,22.0,47395,0.06888787588039208,percent,False,0.548457,13.759999999999998,True
20,3,Chris Soules,28.0,64121,0.0931988878483441,percent,False,0.526406,13.759999999999998,True
20,4,Suzanne Somers,28.0,66377,0.09654877774609218,percent,False,0.353053,13.75,True
20,4,Willow Shields,39.0,75422,0.10970407036882031,percent,False,0.258219,13.75,True
20,4,Riker Lynch,34.0,69629,0.10127790239885569,percent,False,0.38398,13.75,True
20,4,Rumer Willis,35.0,87462,0.12721795698071586,percent,False,0.836254,13.75,True
20,4,Nastia Liukin,36.0,57452,0.08356692998459665,percent,False,0.12229,13.75,True
20,4,Michael Sam,30.0,53706,0.07811819121708535,percent,True,0.094176,13.75,True
20,4,Robert Herjavec,34.0,83291,0.12115108154848128,percent,False,0.487577,13.75,True
20,4,Noah Galloway,32.0,76413,0.11114685742112287,percent,False,0.246332,13.75,True
20,4,Patti LaBelle,30.0,57694,0.08391876528012483,percent,False,0.548457,13.75,True
20,4,Chris Soules,27.0,60053,0.08734946705410496,percent,False,0.526406,13.75,True
20,5,Suzanne Somers,28.0,57908,0.08338111306386131,percent,True,0.353053,13.89,True
20,5,Willow Shields,34.0,69575,0.10017941067840677,percent,False,0.258219,13.89,True
20,5,Riker Lynch,38.0,93323,0.13437449430775603,percent,False,0.38398,13.89,True
20,5,Rumer Willis,39.0,115054,0.16566474122997366,percent,False,0.836254,13.89,True
20,5,Nastia Liukin,38.0,70287,0.10120465028169863,percent,False,0.12229,13.89,True
20,5,Robert Herjavec,24.0,67724,0.09751540315799034,percent,False,0.487577,13.89,True
20,5,Noah Galloway,28.0,74034,0.10660102308209804,percent,False,0.246332,13.89,True
20,5,Patti LaBelle,27.0,72635,0.10458570857901482,percent,False,0.548457,13.89,True
20,5,Chris Soules,27.0,73960,0.10649345561920039,percent,False,0.526406,13.89,True
20,6,Willow Shields,36.5,77303,0.11520555751457497,percent,False,0.258219,13.42,True
20,6,Riker Lynch,38.0,87782,0.13082226668642957,percent,False,0.38398,13.42,True
20,6,Rumer Willis,35.5,93129,0.1387907811806792,percent,False,0.836254,13.42,True
20,6,Nastia Liukin,36.5,71565,0.10665424489295634,percent,False,0.12229,13.42,True
20,6,Robert Herjavec,33.5,87697,0.1306952390722814,percent,False,0.487577,13.42,True
20,6,Noah Galloway,34.0,89360,0.13317465234461348,percent,False,0.246332,13.42,True
20,6,Patti LaBelle,34.0,77492,0.11548802248781743,percent,True,0.548457,13.42,True
20,6,Chris Soules,35.0,86673,0.12916923582064765,percent,False,0.526406,13.42,True
20,7,Willow Shields,39.0,68717,0.1039585184287427,percent,True,0.258219,13.22,True
20,7,Riker Lynch,37.0,108235,0.16374474132322211,percent,False,0.38398,13.22,True
20,7,Rumer Willis,37.0,103976,0.15730082369633797,percent,False,0.836254,13.22,True
20,7,Nastia Liukin,41.0,79712,0.12059344398316019,percent,False,0.12229,13.22,True
20,7,Robert Herjavec,31.0,92689,0.1402251348891589,percent,False,0.487577,13.22,True
20,7,Noah Galloway,38.0,118136,0.1787226449278941,percent,False,0.246332,13.22,True
20,7,Chris Soules,31.0,89536,0.13545469275148408,percent,False,0.526406,13.22,True
20,8,Riker Lynch,39.0,288922,0.1762256756128977,percent,False,0.38398,32.79,True
20,8,Rumer Willis,40.0,336532,0.20526485718600754,percent,False,0.836254,32.79,True
20,8,Nastia Liukin,38.0,234061,0.1427636693605432,percent,False,0.12229,32.79,True
20,8,Robert Herjavec,31.0,260284,0.15875840640397693,percent,True,0.487577,32.79,True
20,8,Noah Galloway,31.5,265520,0.16195183877690578,percent,False,0.246332,32.79,True
20,8,Chris Soules,32.0,254181,0.15503555265966884,percent,True,0.526406,32.79,True
20,9,Riker Lynch,40.0,294060,0.24878175524402837,percent,False,0.38398,23.64,True
20,9,Rumer Willis,39.0,325584,0.2754518941358559,percent,False,0.836254,23.64,True
20,9,Nastia Liukin,40.0,244563,0.20690617517825233,percent,True,0.12229,23.64,True
20,9,Noah Galloway,38.0,317793,0.2688601754418634,percent,False,0.246332,23.64,True
20,10,Riker Lynch,40.0,476834,0.3425530554153916,percent,False,0.38398,27.84,
20,10,Rumer Willis,40.0,489932,0.35196248266556096,percent,False,0.836254,27.84,
20,10,Noah Galloway,36.0,425234,0.30548446191904743,percent,False,0.246332,27.84,
21,1,Gary Busey,15.0,37690,0.057411253725308004,percent,False,0.15857,13.129999999999999,
21,1,Alexa PenaVega,22.0,57664,0.08783475001518382,percent,False,0.016826,13.129999999999999,
21,1,Carlos PenaVega,23.0,60932,0.09281411322080792,percent,False,0.001275,13.129999999999999,
21,1,Victor Espinoza,15.0,37282,0.05678909274495698,percent,False,0.069066,13.129999999999999,
21,1,Alek Skarlatos,22.0,59583,0.09075905579450533,percent,False,0.1304,13.129999999999999,
21,1,Chaka Khan,13.0,31703,0.04829072639031625,percent,False,0.16061,13.129999999999999,
21,1,Andy Grammer,21.0,56109,0.08546632427164617,percent,False,0.398233,13.129999999999999,
21,1,Tamar Braxton,23.0,62354,0.09497875950697106,percent,False,0.438426,13.129999999999999,
21,1,Nick Carter,24.0,64649,0.09847520566545251,percent,False,0.1304,13.129999999999999,
21,1,Hayes Grier,21.0,56105,0.0854606780634287,percent,False,0.377687,13.129999999999999,
21,1,Bindi Irwin,24.0,63831,0.09722967830362038,percent,False,0.057934,13.129999999999999,
21,1,Kim Zolciak-Biermann,12.0,28716,0.04374039235008855,percent,False,0.000255,13.129999999999999,
21,1,Paula Deen,15.0,39882,0.060749969947714366,percent,False,1.0,13.129999999999999,
21,2,Gary Busey,16.5,66068,0.06280188839032688,percent,False,0.15857,21.04,True
21,2,Alexa PenaVega,23.0,77598,0.07376222234187917,percent,False,0.016826,21.04,True
21,2,Carlos PenaVega,22.5,80388,0.07641462866329601,percent,False,0.001275,21.04,True
21,2,Victor Espinoza,18.5,58289,0.055408110117606955,percent,True,0.069066,21.04,True
21,2,Alek Skarlatos,22.5,106689,0.10141517513695923,percent,False,0.1304,21.04,True
21,2,Chaka Khan,15.0,55100,0.052375985358304164,percent,True,0.16061,21.04,True
21,2,Andy Grammer,22.0,85841,0.08159795569832526,percent,False,0.398233,21.04,True
21,2,Tamar Braxton,24.5,92979,0.08838323109098752,percent,False,0.438426,21.04,True
21,2,Nick Carter,22.5,85218,0.08100615024986996,percent,False,0.1304,21.04,True
21,2,Hayes Grier,22.5,88683,0.08429939496699707,percent,False,0.377687,21.04,True
21,2,Bindi Irwin,24.0,79546,0.07561447007264722,percent,False,0.057934,21.04,True
21,2,Kim Zolciak-Biermann,18.5,76617,0.07282954056243339,percent,False,0.000255,21.04,True
21,2,Paula Deen,18.5,98984,0.09409124735036703,percent,False,1.0,21.04,True
21,3,Gary Busey,25.0,43685,0.07913998702519398,percent,False,0.15857,11.039999999999997,
21,3,Alexa PenaVega,36.0,65442,0.11855482868272374,percent,False,0.016826,11.039999999999997,
21,3,Carlos PenaVega,31.0,55218,0.10003244998354206,percent,False,0.001275,11.039999999999997,
21,3,Alek Skarlatos,33.0,61133,0.11074769198891057,percent,False,0.1304,11.039999999999997,
21,3,Andy Grammer,29.0,52285,0.09472000507281525,percent,False,0.398233,11.039999999999997,
21,3,Tamar Braxton,33.0,60736,0.11002907467219677,percent,False,0.438426,11.039999999999997,
21,3,Nick Carter,36.0,66320,0.12014530489779515,percent,False,0.1304,11.039999999999997,
21,3,Hayes Grier,30.0,54382,0.09851867227627852,percent,False,0.377687,11.039999999999997,
21,3,Bindi Irwin,32.0,57110,0.10345933282642404,percent,False,0.057934,11.039999999999997,
21,3,Paula Deen,20.0,35688,0.06465265257411992,percent,False,1.0,11.039999999999997,
21,4,Gary Busey,16.0,40472,0.06847980721934115,percent,True,0.15857,11.819999999999999,True
21,4,Alexa PenaVega,21.0,45479,0.07695293682864582,percent,False,0.016826,11.819999999999999,True
21,4,Carlos PenaVega,25.0,57009,0.09646185723280944,percent,False,0.001275,11.819999999999999,True
21,4,Alek Skarlatos,24.0,71307,0.12065509571630166,percent,False,0.1304,11.819999999999999,True
21,4,Andy Grammer,23.0,57373,0.09707786849361015,percent,False,0.398233,11.819999999999999,True
21,4,Tamar Braxton,27.0,65827,0.11138310955456658,percent,False,0.438426,11.819999999999999,True
21,4,Nick Carter,27.0,65157,0.11024817262290165,percent,False,0.1304,11.819999999999999,True
21,4,Hayes Grier,27.0,67967,0.11500256489383191,percent,False,0.377687,11.819999999999999,True
21,4,Bindi Irwin,28.0,59773,0.10113856300763585,percent,False,0.057934,11.819999999999999,True
21,4,Paula Deen,18.0,60637,0.10260002443035572,percent,False,1.0,11.819999999999999,True
21,5,Alexa PenaVega,40.0,77874,0.13380478238909793,percent,False,0.016826,11.64,
21,5,Carlos PenaVega,39.0,75889,0.13039363492232525,percent,False,0.001275,11.64,
21,5,Alek Skarlatos,29.0,55469,0.09530696364380829,percent,False,0.1304,11.64,
21,5,Andy Grammer,36.0,70762,0.12158500620247337,percent,False,0.398233,11.64,
21,5,Tamar Braxton,29.0,55034,0.09456027269488727,percent,False,0.438426,11.64,
21,5,Nick Carter,35.0,67593,0.11613964498599391,percent,False,0.1304,11.64,
21,5,Hayes Grier,30.0,57264,0.09839104338247634,percent,False,0.377687,11.64,
21,5,Bindi Irwin,37.0,71174,0.122291726886351,percent,False,0.057934,11.64,
21,5,Paula Deen,26.0,50941,0.08752692489258672,percent,False,1.0,11.64,
21,6,Alexa PenaVega,30.0,52386,0.08381689387525398,percent,False,0.016826,12.5,True
21,6,Carlos PenaVega,38.0,69629,0.11140632153889357,percent,False,0.001275,12.5,True
21,6,Alek Skarlatos,30.0,70723,0.113157449518489,percent,False,0.1304,12.5,True
21,6,Andy Grammer,40.0,80199,0.12831880953193342,percent,False,0.398233,12.5,True
21,6,Tamar Braxton,40.0,78540,0.12566341710463294,percent,False,0.438426,12.5,True
21,6,Nick Carter,39.0,75512,0.12081983765349688,percent,False,0.1304,12.5,True
21,6,Hayes Grier,32.0,64692,0.1035072805246162,percent,False,0.377687,12.5,True
21,6,Bindi Irwin,40.0,68959,0.11033411334986613,percent,False,0.057934,12.5,True
21,6,Paula Deen,24.0,64360,0.10297587690281798,percent,True,1.0,12.5,True
21,7,Alexa PenaVega,27.5,68172,0.11496165348738169,percent,False,0.016826,11.86,True
21,7,Carlos PenaVega,28.0,68585,0.11565816848563239,percent,False,0.001275,11.86,True
21,7,Alek Skarlatos,26.5,90492,0.15259981955976445,percent,False,0.1304,11.86,True
21,7,Andy Grammer,28.0,86484,0.1458416256268255,percent,False,0.398233,11.86,True
21,7,Tamar Braxton,27.0,71460,0.12050563284788002,percent,False,0.438426,11.86,True
21,7,Nick Carter,27.0,69790,0.11768957495291593,percent,False,0.1304,11.86,True
21,7,Hayes Grier,28.0,66830,0.11269839432899312,percent,True,0.377687,11.86,True
21,7,Bindi Irwin,29.0,71187,0.12004513071060686,percent,False,0.057934,11.86,True
21,8,Alexa PenaVega,26.9998,75783,0.12536450855766826,percent,False,0.016826,12.090000000000002,True
21,8,Carlos PenaVega,28.9998,85707,0.1417812381628896,percent,False,0.001275,12.090000000000002,True
21,8,Alek Skarlatos,25.0,96267,0.15925115348872232,percent,False,0.1304,12.090000000000002,True
21,8,Andy Grammer,23.9998,77590,0.12835363423381038,percent,True,0.398233,12.090000000000002,True
21,8,Tamar Braxton,28.0,88474,0.14635978290094198,percent,False,0.438426,12.090000000000002,True
21,8,Nick Carter,33.0,103211,0.17073781790055226,percent,False,0.1304,12.090000000000002,True
21,8,Bindi Irwin,28.0,77468,0.12815186475541512,percent,False,0.057934,12.090000000000002,True
21,9,Alexa PenaVega,30.0,73725,0.11674605396824839,percent,True,0.016826,12.63,True
21,9,Carlos PenaVega,27.0,99274,0.1572034341925713,percent,False,0.001275,12.63,True
21,9,Alek Skarlatos,25.5,118652,0.18788928624316764,percent,False,0.1304,12.63,True
21,9,Tamar Braxton,24.5,94839,0.1501807183927673,percent,False,0.438426,12.63,True
21,9,Nick Carter,27.5,139341,0.22065095442831328,percent,False,0.1304,12.63,True
21,9,Bindi Irwin,30.0,105669,0.16732955277493208,percent,False,0.057934,12.63,True
21,10,Carlos PenaVega,31.5,164284,0.26604756557318765,percent,False,0.001275,12.35,
21,10,Alek Skarlatos,28.5,150629,0.24393328784281632,percent,False,0.1304,12.35,
21,10,Nick Carter,27.0,138760,0.22471234946009744,percent,False,0.1304,12.35,
21,10,Bindi Irwin,31.5,163827,0.26530679712389854,percent,False,0.057934,12.35,
21,11,Carlos PenaVega,30.0,307880,0.22993295857764037,percent,True,0.001275,26.78,True
21,11,Alek Skarlatos,27.999899999999997,386812,0.2888814353030415,percent,False,0.1304,26.78,True
21,11,Nick Carter,30.0,336427,0.25125249523690724,percent,False,0.1304,26.78,True
21,11,Bindi Irwin,30.0,307880,0.22993311088241086,percent,False,0.057934,26.78,True
22,1,Mischa Barton,16.0,40848,0.06556730746754061,percent,False,0.396778,12.460000000000003,
22,1,Kim Fields,20.0,51778,0.08311025573702872,percent,False,0.05219,12.460000000000003,
22,1,Jodie Sweetin,20.0,54719,0.08783125130610525,percent,False,0.848847,12.460000000000003,
22,1,Doug Flutie,15.0,36990,0.05937388148167447,percent,False,0.021448,12.460000000000003,
22,1,Von Miller,21.0,54732,0.08785201433326445,percent,False,0.05362,12.460000000000003,
22,1,Antonio Brown,21.0,56282,0.09034100685097503,percent,False,0.38821,12.460000000000003,
22,1,Paige VanZant,21.0,58156,0.0933484696074197,percent,False,1.0,12.460000000000003,
22,1,Geraldo Rivera,13.0,31725,0.05092241582033001,percent,False,0.378916,12.460000000000003,
22,1,Nyle DiMarco,23.0,60652,0.09735519725156316,percent,False,0.05362,12.460000000000003,
22,1,Ginger Zee,23.0,61544,0.09878707784437564,percent,False,0.295268,12.460000000000003,
22,1,Wanya Morris,23.0,60932,0.09780365799100915,percent,False,0.05362,12.460000000000003,
22,1,Marla Maples,21.0,54642,0.0877074643087137,percent,False,0.002145,12.460000000000003,
22,2,Mischa Barton,15.0,39146,0.0654068011212653,percent,False,0.396778,11.97,True
22,2,Kim Fields,19.0,44724,0.07472630816926476,percent,False,0.05219,11.97,True
22,2,Jodie Sweetin,21.0,66355,0.11086943530733077,percent,False,0.848847,11.97,True
22,2,Doug Flutie,20.0,45980,0.07682619916401007,percent,False,0.021448,11.97,True
22,2,Von Miller,20.0,46461,0.0776291164239081,percent,False,0.05362,11.97,True
22,2,Antonio Brown,19.0,52748,0.08813379850538296,percent,False,0.38821,11.97,True
22,2,Paige VanZant,24.0,74693,0.12479985207901013,percent,False,1.0,11.97,True
22,2,Geraldo Rivera,13.0,29679,0.04958949766407042,percent,True,0.378916,11.97,True
22,2,Nyle DiMarco,20.0,44906,0.07503018787999513,percent,False,0.05362,11.97,True
22,2,Ginger Zee,21.0,50236,0.08393714343682561,percent,False,0.295268,11.97,True
22,2,Wanya Morris,24.0,56961,0.0951734732841239,percent,False,0.05362,11.97,True
22,2,Marla Maples,20.0,46610,0.07787818696481275,percent,False,0.002145,11.97,True
22,3,Mischa Barton,18.0,45632,0.07786988762636976,percent,True,0.396778,11.72,True
22,3,Kim Fields,22.0,50304,0.08584361516843414,percent,False,0.05219,11.72,True
22,3,Jodie Sweetin,23.0,70597,0.12047190264620546,percent,False,0.848847,11.72,True
22,3,Doug Flutie,20.0,44666,0.0762210171973418,percent,False,0.021448,11.72,True
22,3,Von Miller,20.0,45132,0.07701760964831841,percent,False,0.05362,11.72,True
22,3,Antonio Brown,20.0,53936,0.09204162457058158,percent,False,0.38821,11.72,True
22,3,Paige VanZant,23.0,69533,0.11865773591965775,percent,False,1.0,11.72,True
22,3,Nyle DiMarco,25.0,54527,0.09304894201038122,percent,False,0.05362,11.72,True
22,3,Ginger Zee,21.0,48800,0.08327594652679092,percent,False,0.295268,11.72,True
22,3,Wanya Morris,24.0,55332,0.09442376458755432,percent,False,0.05362,11.72,True
22,3,Marla Maples,21.0,47541,0.08112795409836467,percent,False,0.002145,11.72,True
22,4,Kim Fields,32.0,63997,0.1023134255489999,percent,False,0.05219,12.510000000000002,True
22,4,Jodie Sweetin,27.0,71184,0.11380407572953892,percent,False,0.848847,12.510000000000002,True
22,4,Doug Flutie,24.0,34988,0.055936266313663066,percent,False,0.021448,12.510000000000002,True
22,4,Von Miller,32.0,63270,0.10115099168446899,percent,False,0.05362,12.510000000000002,True
22,4,Antonio Brown,35.0,77538,0.1239618081918326,percent,False,0.38821,12.510000000000002,True
22,4,Paige VanZant,36.0,85718,0.13703853426482498,percent,False,1.0,12.510000000000002,True
22,4,Nyle DiMarco,34.0,63904,0.1021643073681579,percent,False,0.05362,12.510000000000002,True
22,4,Ginger Zee,36.0,69341,0.11085647072477418,percent,False,0.295268,12.510000000000002,True
22,4,Wanya Morris,35.0,68415,0.109377229966633,percent,False,0.05362,12.510000000000002,True
22,4,Marla Maples,28.0,27145,0.04339689020710645,percent,True,0.002145,12.510000000000002,True
22,5,Kim Fields,28.0,53770,0.09821033649221338,percent,False,0.05219,10.95,
22,5,Jodie Sweetin,35.0,73601,0.1344302654137164,percent,False,0.848847,10.95,
22,5,Doug Flutie,28.0,53601,0.0979009831151142,percent,False,0.021448,10.95,
22,5,Von Miller,29.0,55940,0.10217359109781479,percent,False,0.05362,10.95,
22,5,Antonio Brown,26.0,50682,0.09257043998146035,percent,False,0.38821,10.95,
22,5,Paige VanZant,31.0,64191,0.11724308403374997,percent,False,1.0,10.95,
22,5,Nyle DiMarco,37.0,73995,0.13515030235081163,percent,False,0.05362,10.95,
22,5,Ginger Zee,32.0,63431,0.11585642652886023,percent,False,0.295268,10.95,
22,5,Wanya Morris,30.0,58289,0.10646457098625904,percent,False,0.05362,10.95,
22,6,Kim Fields,24.0,56832,0.09673593051485138,percent,False,0.05219,11.75,True
22,6,Jodie Sweetin,25.0,79469,0.13526617072196206,percent,False,0.848847,11.75,True
22,6,Doug Flutie,21.0,48569,0.08267140015130466,percent,True,0.021448,11.75,True
22,6,Von Miller,24.0,56088,0.09546903555777383,percent,False,0.05362,11.75,True
22,6,Antonio Brown,27.0,75408,0.12835396755533673,percent,False,0.38821,11.75,True
22,6,Paige VanZant,28.0,87665,0.14921672586916007,percent,False,1.0,11.75,True
22,6,Nyle DiMarco,25.0,56469,0.09611755019344372,percent,False,0.05362,11.75,True
22,6,Ginger Zee,24.0,57758,0.09831115045178254,percent,False,0.295268,11.75,True
22,6,Wanya Morris,29.0,69242,0.1178580689843851,percent,False,0.05362,11.75,True
22,7,Kim Fields,26.0,65249,0.11049812010819147,percent,True,0.05219,11.81,True
22,7,Jodie Sweetin,25.5,85904,0.14547700019259585,percent,False,0.848847,11.81,True
22,7,Von Miller,26.0,64395,0.10905098965288776,percent,True,0.05362,11.81,True
22,7,Antonio Brown,26.0,76956,0.13032383495866934,percent,False,0.38821,11.81,True
22,7,Paige VanZant,27.5,91247,0.1545244258429228,percent,False,1.0,11.81,True
22,7,Nyle DiMarco,28.0,67026,0.11350779456368651,percent,False,0.05362,11.81,True
22,7,Ginger Zee,27.5,70137,0.11877613799966938,percent,False,0.295268,11.81,True
22,7,Wanya Morris,27.5,69586,0.1178416966813769,percent,False,0.05362,11.81,True
22,8,Jodie Sweetin,30.0,66286,0.11700895166207652,percent,True,0.848847,11.33,True
22,8,Antonio Brown,27.0,102486,0.18091031168505364,percent,False,0.38821,11.33,True
22,8,Paige VanZant,28.0,121788,0.21498371433202618,percent,False,1.0,11.33,True
22,8,Nyle DiMarco,29.0,94447,0.16672035227540893,percent,False,0.05362,11.33,True
22,8,Ginger Zee,30.0,98447,0.17378189797710655,percent,False,0.295268,11.33,True
22,8,Wanya Morris,25.0,83046,0.14659477206832808,percent,False,0.05362,11.33,True
22,9,Antonio Brown,27.5,107453,0.18462645275386827,percent,True,0.38821,11.64,True
22,9,Paige VanZant,29.5,144116,0.24762165514287332,percent,False,1.0,11.64,True
22,9,Nyle DiMarco,28.5,103397,0.17765882929606205,percent,False,0.05362,11.64,True
22,9,Ginger Zee,28.0,134629,0.23132165263387994,percent,False,0.295268,11.64,True
22,9,Wanya Morris,30.0,92405,0.15877141017331645,percent,True,0.05362,11.64,True
22,10,Paige VanZant,29.666600000000003,404804,0.35462459493714993,percent,False,1.0,22.83,
22,10,Nyle DiMarco,28.9998,370759,0.3247994939625475,percent,False,0.05362,22.83,
22,10,Ginger Zee,28.333199999999998,365937,0.32057591110030265,percent,False,0.295268,22.83,
23,1,Jake T. Austin,22.0,32167,0.06433311943672403,percent,False,0.00022,2.1000000000000005,
23,1,Maureen McCormick,22.0,32280,0.06455995765288228,percent,False,0.021987,2.1000000000000005,
23,1,Marilu Henner,27.0,40691,0.08138194088838147,percent,False,0.010367,2.1000000000000005,
23,1,Ryan Lochte,24.0,35829,0.07165757877901369,percent,False,0.016913,2.1000000000000005,
23,1,Calvin Johnson Jr.,26.0,39361,0.07872201106301291,percent,False,6.6e-05,2.1000000000000005,
23,1,Laurie Hernandez,31.0,47882,0.09576486742388837,percent,False,0.016913,2.1000000000000005,
23,1,Amber Rose,24.0,38002,0.07600465232993288,percent,False,1.0,2.1000000000000005,
23,1,Rick Perry,20.0,29686,0.05937148169125287,percent,False,0.047664,2.1000000000000005,
23,1,James Hinchcliffe,31.0,48285,0.09657070631807524,percent,False,0.007205,2.1000000000000005,
23,1,Babyface,26.0,39120,0.07823946323953601,percent,False,0.044677,2.1000000000000005,
23,1,Vanilla Ice,25.0,38025,0.07605085976925922,percent,False,0.260396,2.1000000000000005,
23,1,Jana Kramer,27.0,41094,0.0821885502769921,percent,False,0.113779,2.1000000000000005,
23,1,Terra Jole,25.0,37577,0.07515481113104899,percent,False,0.037165,2.1000000000000005,
23,2,Jake T. Austin,24.0,31432,0.06286435910496727,percent,True,0.00022,3.2000000000000006,True
23,2,Maureen McCormick,26.0,35155,0.0703109901160386,percent,False,0.021987,3.2000000000000006,True
23,2,Marilu Henner,27.0,34092,0.06818462299319637,percent,False,0.010367,3.2000000000000006,True
23,2,Ryan Lochte,24.0,33871,0.06774230742895518,percent,False,0.016913,3.2000000000000006,True
23,2,Calvin Johnson Jr.,28.0,40393,0.08078523532407167,percent,False,6.6e-05,3.2000000000000006,True
23,2,Laurie Hernandez,32.0,41485,0.08297031501789631,percent,False,0.016913,3.2000000000000006,True
23,2,Amber Rose,24.0,42858,0.08571524838569873,percent,False,1.0,3.2000000000000006,True
23,2,Rick Perry,22.0,38831,0.07766120181399469,percent,False,0.047664,3.2000000000000006,True
23,2,James Hinchcliffe,29.0,41895,0.08379026855019231,percent,False,0.007205,3.2000000000000006,True
23,2,Babyface,30.0,39359,0.07871872313511992,percent,False,0.044677,3.2000000000000006,True
23,2,Vanilla Ice,26.0,37810,0.07562030120211427,percent,False,0.260396,3.2000000000000006,True
23,2,Jana Kramer,29.0,39299,0.07859768319330208,percent,False,0.113779,3.2000000000000006,True
23,2,Terra Jole,31.0,43519,0.08703874373445263,percent,False,0.037165,3.2000000000000006,True
23,3,Maureen McCormick,28.0,41613,0.0832264105813883,percent,False,0.021987,3.1,True
23,3,Marilu Henner,28.0,39540,0.07908048212896973,percent,False,0.010367,3.1,True
23,3,Ryan Lochte,25.0,40809,0.08161868436730234,percent,False,0.016913,3.1,True
23,3,Calvin Johnson Jr.,32.0,46881,0.09376279897817275,percent,False,6.6e-05,3.1,True
23,3,Laurie Hernandez,31.0,42240,0.08447961195905719,percent,False,0.016913,3.1,True
23,3,Amber Rose,25.0,45938,0.09187621208694177,percent,False,1.0,3.1,True
23,3,Rick Perry,23.0,38263,0.0765253067809031,percent,True,0.047664,3.1,True
23,3,James Hinchcliffe,29.0,44609,0.0892179271964628,percent,False,0.007205,3.1,True
23,3,Babyface,25.0,37563,0.07512641060383621,percent,False,0.044677,3.1,True
23,3,Vanilla Ice,23.0,38263,0.07652557703535356,percent,False,0.260396,3.1,True
23,3,Jana Kramer,26.0,40036,0.08007118542980199,percent,False,0.113779,3.1,True
23,3,Terra Jole,30.0,44245,0.08848939285181015,percent,False,0.037165,3.1,True
23,4,Maureen McCormick,24.0,44370,0.08873961155256638,percent,False,0.021987,3.1,True
23,4,Marilu Henner,21.0,34180,0.06836058267141322,percent,False,0.010367,3.1,True
23,4,Ryan Lochte,22.0,41747,0.08349323696754471,percent,False,0.016913,3.1,True
23,4,Calvin Johnson Jr.,23.0,47311,0.09462164710383852,percent,False,6.6e-05,3.1,True
23,4,Laurie Hernandez,30.0,55024,0.11004780620087401,percent,False,0.016913,3.1,True
23,4,Amber Rose,24.0,61188,0.12237512071206175,percent,False,1.0,3.1,True
23,4,James Hinchcliffe,28.0,57236,0.11447211611786758,percent,False,0.007205,3.1,True
23,4,Babyface,18.0,29992,0.059984780222582655,percent,True,0.044677,3.1,True
23,4,Vanilla Ice,23.0,30349,0.06069717094962263,percent,True,0.260396,3.1,True
23,4,Jana Kramer,23.0,50000,0.10000002049672087,percent,False,0.113779,3.1,True
23,4,Terra Jole,25.0,48604,0.09720790700490783,percent,False,0.037165,3.1,True
23,5,Maureen McCormick,24.0,51228,0.10245523098748081,percent,False,0.021987,1.6,
23,5,Marilu Henner,27.0,58378,0.11675524871998957,percent,False,0.010367,1.6,
23,5,Ryan Lochte,24.0,51405,0.10281041237383715,percent,False,0.016913,1.6,
23,5,Calvin Johnson Jr.,24.0,51472,0.10294382198554577,percent,False,6.6e-05,1.6,
23,5,Laurie Hernandez,25.0,53515,0.10703083056778107,percent,False,0.016913,1.6,
23,5,Amber Rose,24.0,54510,0.10901923880669633,percent,False,1.0,1.6,
23,5,James Hinchcliffe,29.0,64119,0.12823780188479358,percent,False,0.007205,1.6,
23,5,Jana Kramer,26.0,56429,0.11285760120429891,percent,False,0.113779,1.6,
23,5,Terra Jole,27.0,58945,0.11788981346957664,percent,False,0.037165,1.6,
23,6,Maureen McCormick,31.0,47551,0.09510182547232368,percent,False,0.021987,1.6,True
23,6,Marilu Henner,34.0,50004,0.10000859569242783,percent,False,0.010367,1.6,True
23,6,Ryan Lochte,30.0,52649,0.10529779319569464,percent,False,0.016913,1.6,True
23,6,Calvin Johnson Jr.,37.0,62049,0.12409775822370195,percent,False,6.6e-05,1.6,True
23,6,Laurie Hernandez,37.0,55856,0.11171280069523587,percent,False,0.016913,1.6,True
23,6,Amber Rose,28.0,52469,0.10493731203772734,percent,True,1.0,1.6,True
23,6,James Hinchcliffe,38.0,63820,0.1276404503290154,percent,False,0.007205,1.6,True
23,6,Jana Kramer,40.0,63110,0.12622003364445292,percent,False,0.113779,1.6,True
23,6,Terra Jole,30.0,52492,0.10498343070942048,percent,False,0.037165,1.6,True
23,7,Maureen McCormick,33.0,55007,0.1100133760073067,percent,True,0.021987,1.6,True
23,7,Marilu Henner,32.0,56822,0.11364419580860376,percent,False,0.010367,1.6,True
23,7,Ryan Lochte,33.0,60825,0.12165022593935833,percent,False,0.016913,1.6,True
23,7,Calvin Johnson Jr.,37.0,68261,0.13652208967674828,percent,False,6.6e-05,1.6,True
23,7,Laurie Hernandez,34.5,62587,0.12517411130857614,percent,False,0.016913,1.6,True
23,7,James Hinchcliffe,37.0,68378,0.13675624517270224,percent,False,0.007205,1.6,True
23,7,Jana Kramer,34.5,64336,0.12867244087211743,percent,False,0.113779,1.6,True
23,7,Terra Jole,34.5,63784,0.12756731521458717,percent,False,0.037165,1.6,True
23,8,Marilu Henner,23.0,46807,0.09361348296099695,percent,False,0.010367,1.5,True
23,8,Ryan Lochte,26.0,39344,0.07868807769185597,percent,True,0.016913,1.5,True
23,8,Calvin Johnson Jr.,30.0,78866,0.1577312951808341,percent,False,6.6e-05,1.5,True
23,8,Laurie Hernandez,33.0,76895,0.1537908601777467,percent,False,0.016913,1.5,True
23,8,James Hinchcliffe,34.9998,91401,0.18280169606211344,percent,False,0.007205,1.5,True
23,8,Jana Kramer,30.0,73493,0.14698665026898083,percent,False,0.113779,1.5,True
23,8,Terra Jole,24.0,93194,0.1863879376574721,percent,False,0.037165,1.5,True
23,9,Marilu Henner,36.0,73258,0.14651629040725886,percent,True,0.010367,1.5999999999999999,True
23,9,Calvin Johnson Jr.,37.0,86021,0.1720427680215469,percent,False,6.6e-05,1.5999999999999999,True
23,9,Laurie Hernandez,40.0,83573,0.16714503720928447,percent,False,0.016913,1.5999999999999999,True
23,9,James Hinchcliffe,36.0,83816,0.16763273063259643,percent,False,0.007205,1.5999999999999999,True
23,9,Jana Kramer,40.0,87358,0.17471591713597132,percent,False,0.113779,1.5999999999999999,True
23,9,Terra Jole,38.0,85974,0.17194725659334212,percent,False,0.037165,1.5999999999999999,True
23,10,Calvin Johnson Jr.,28.0,98124,0.1962476675708696,percent,False,6.6e-05,1.7,True
23,10,Laurie Hernandez,30.0,99347,0.19869447363515366,percent,False,0.016913,1.7,True
23,10,James Hinchcliffe,29.5,113698,0.22739590228580647,percent,False,0.007205,1.7,True
23,10,Jana Kramer,29.0,97533,0.19506627792379522,percent,False,0.113779,1.7,True
23,10,Terra Jole,30.0,91298,0.1825956785843749,percent,True,0.037165,1.7,True
23,11,Calvin Johnson Jr.,38.3331,131202,0.26240463242173845,percent,False,6.6e-05,3.6,True
23,11,Laurie Hernandez,39.333200000000005,120983,0.2419667178893499,percent,False,0.016913,3.6,True
23,11,James Hinchcliffe,38.9998,133675,0.2673508423957105,percent,False,0.007205,3.6,True
23,11,Jana Kramer,35.5,114139,0.22827780729320116,percent,True,0.113779,3.6,True
24,1,Charo,21.0,34675,0.06934983769436184,percent,False,0.77312,7.0,
24,1,Mr. T,20.0,32500,0.06500017615918233,percent,False,0.463074,7.0,
24,1,Heather Morris,28.0,49060,0.0981196699468112,percent,False,1.0,7.0,
24,1,Nancy Kerrigan,28.0,47199,0.09439791556953107,percent,False,0.449767,7.0,
24,1,Bonner Bolton,22.0,35059,0.07011854626671354,percent,False,0.099135,7.0,
24,1,Simone Biles,32.0,53908,0.1078151582074251,percent,False,0.099135,7.0,
24,1,David Ross,28.0,46381,0.09276231752035144,percent,False,0.099135,7.0,
24,1,Rashad Jennings,31.0,52207,0.10441493374107516,percent,False,0.099135,7.0,
24,1,Chris Kattan,17.0,26122,0.05224337083429276,percent,False,0.099135,7.0,
24,1,Erika Jayne,24.0,38207,0.07641449066449024,percent,False,0.013972,7.0,
24,1,Normani,27.0,44626,0.08925260442769765,percent,False,0.327345,7.0,
24,1,Nick Viall,24.0,40055,0.08011097896806761,percent,False,0.562209,7.0,
24,2,Charo,25.0,44172,0.08834337415155426,percent,False,0.77312,6.0,True
24,2,Mr. T,22.0,39664,0.07932897930927524,percent,False,0.463074,6.0,True
24,2,Heather Morris,30.0,55866,0.11173242847080657,percent,False,1.0,6.0,True
24,2,Nancy Kerrigan,28.0,42317,0.08463452739619665,percent,False,0.449767,6.0,True
24,2,Bonner Bolton,28.0,40022,0.0800435827451144,percent,False,0.099135,6.0,True
24,2,Simone Biles,29.0,39476,0.07895102489543186,percent,False,0.099135,6.0,True
24,2,David Ross,27.0,38775,0.07755078093981661,percent,False,0.099135,6.0,True
24,2,Rashad Jennings,32.0,46109,0.09221840597301406,percent,False,0.099135,6.0,True
24,2,Chris Kattan,22.0,32792,0.06558385640872696,percent,True,0.099135,6.0,True
24,2,Erika Jayne,28.0,34907,0.06981325905664315,percent,False,0.013972,6.0,True
24,2,Normani,32.0,43257,0.08651445205910421,percent,False,0.327345,6.0,True
24,2,Nick Viall,25.0,42643,0.0852853285943161,percent,False,0.562209,6.0,True
24,3,Charo,24.0,36390,0.0727790767745115,percent,True,0.77312,5.0,True
24,3,Mr. T,24.0,50448,0.10089675760239393,percent,False,0.463074,5.0,True
24,3,Heather Morris,33.0,60845,0.1216903905730926,percent,False,1.0,5.0,True
24,3,Nancy Kerrigan,33.0,52320,0.10463904659619702,percent,False,0.449767,5.0,True
24,3,Bonner Bolton,24.0,36390,0.07278045249157741,percent,False,0.099135,5.0,True
24,3,Simone Biles,32.0,46532,0.09306357727491749,percent,False,0.099135,5.0,True
24,3,David Ross,31.0,46133,0.09226595423389951,percent,False,0.099135,5.0,True
24,3,Rashad Jennings,28.0,41924,0.08384889141276262,percent,False,0.099135,5.0,True
24,3,Erika Jayne,26.0,33921,0.0678417210147123,percent,False,0.013972,5.0,True
24,3,Normani,34.0,50706,0.1014117579828878,percent,False,0.327345,5.0,True
24,3,Nick Viall,26.0,44391,0.08878237404304788,percent,False,0.562209,5.0,True
24,4,Mr. T,28.0,46040,0.09207994292676043,percent,True,0.463074,6.0,True
24,4,Heather Morris,35.0,65647,0.13129306698427834,percent,False,1.0,6.0,True
24,4,Nancy Kerrigan,33.0,50807,0.10161442928344935,percent,False,0.449767,6.0,True
24,4,Bonner Bolton,32.0,46361,0.09272152039950748,percent,False,0.099135,6.0,True
24,4,Simone Biles,36.0,50090,0.10017983252139802,percent,False,0.099135,6.0,True
24,4,David Ross,31.0,45078,0.09015565301865655,percent,False,0.099135,6.0,True
24,4,Rashad Jennings,39.0,57013,0.11402537895851261,percent,False,0.099135,6.0,True
24,4,Erika Jayne,30.0,42973,0.08594527053863521,percent,False,0.013972,6.0,True
24,4,Normani,32.0,44598,0.08919511815649557,percent,False,0.327345,6.0,True
24,4,Nick Viall,30.0,51395,0.10278978721230628,percent,False,0.562209,6.0,True
24,5,Heather Morris,34.0,70256,0.14051292403556215,percent,False,1.0,6.0,True
24,5,Nancy Kerrigan,36.0,60379,0.1207586110865617,percent,False,0.449767,6.0,True
24,5,Bonner Bolton,30.0,57836,0.11567247021666978,percent,False,0.099135,6.0,True
24,5,Simone Biles,38.0,57407,0.11481492303502748,percent,False,0.099135,6.0,True
24,5,David Ross,29.0,42498,0.08499542659242465,percent,False,0.099135,6.0,True
24,5,Rashad Jennings,32.0,51198,0.1023954377987573,percent,False,0.099135,6.0,True
24,5,Erika Jayne,32.0,37563,0.07512666236210737,percent,True,0.013972,6.0,True
24,5,Normani,39.0,58496,0.11699265951363916,percent,False,0.327345,6.0,True
24,5,Nick Viall,34.0,64365,0.1287308853592504,percent,False,0.562209,6.0,True
24,6,Heather Morris,37.0,23058,0.04611600789716076,percent,True,1.0,6.0,True
24,6,Nancy Kerrigan,33.5,70982,0.14196423525794555,percent,False,0.449767,6.0,True
24,6,Bonner Bolton,31.5,64084,0.1281689471851539,percent,False,0.099135,6.0,True
24,6,Simone Biles,34.5,66419,0.13283778669125978,percent,False,0.099135,6.0,True
24,6,David Ross,31.0,63464,0.12692700719660796,percent,False,0.099135,6.0,True
24,6,Rashad Jennings,35.0,70769,0.14153746580177437,percent,False,0.099135,6.0,True
24,6,Normani,36.0,68551,0.13710215205237195,percent,False,0.327345,6.0,True
24,6,Nick Viall,30.5,72673,0.14534639791772588,percent,False,0.562209,6.0,True
24,7,Nancy Kerrigan,36.0,62168,0.1243351300510969,percent,True,0.449767,6.0,True
24,7,Bonner Bolton,31.0,97628,0.19525687527832247,percent,False,0.099135,6.0,True
24,7,Simone Biles,39.0,65639,0.1312776965528832,percent,False,0.099135,6.0,True
24,7,David Ross,32.0,70073,0.14014558130818303,percent,False,0.099135,6.0,True
24,7,Rashad Jennings,39.0,68803,0.1376056935197579,percent,False,0.099135,6.0,True
24,7,Normani,42.0,71958,0.14391517628226055,percent,False,0.327345,6.0,True
24,7,Nick Viall,34.0,63732,0.12746384700749588,percent,True,0.562209,6.0,True
24,8,Bonner Bolton,29.0,84747,0.169493303122545,percent,True,0.099135,6.0,True
24,8,Simone Biles,36.0,100189,0.20037721330299532,percent,False,0.099135,6.0,True
24,8,David Ross,32.5,95425,0.19084985301830384,percent,False,0.099135,6.0,True
24,8,Rashad Jennings,37.5,110473,0.22094539682082712,percent,False,0.099135,6.0,True
24,8,Normani,39.5,109167,0.21833423373532868,percent,False,0.327345,6.0,True
24,9,Simone Biles,40.0,104277,0.20855453271698174,percent,True,0.099135,5.0,True
24,9,David Ross,35.0,120779,0.241557940284434,percent,False,0.099135,5.0,True
24,9,Rashad Jennings,38.5,137294,0.2745886173324222,percent,False,0.099135,5.0,True
24,9,Normani,38.0,137649,0.27529890966616216,percent,False,0.327345,5.0,True
24,10,David Ross,36.3333,187026,0.31171007611188306,percent,False,0.099135,12.0,
24,10,Rashad Jennings,39.6666,207115,0.3451919426585398,percent,False,0.099135,12.0,
24,10,Normani,39.333200000000005,205859,0.3430979812295772,percent,False,0.327345,12.0,
25,1,Sasha Pieterse,18.0,39597,0.07394393807306446,percent,False,0.220575,10.710000000000004,
25,1,Frankie Muniz,19.0,44470,0.08304457022549924,percent,False,1.0,10.710000000000004,
25,1,Jordan Fisher,22.0,52062,0.0972217936266387,percent,False,0.738155,10.710000000000004,
25,1,Derek Fisher,18.0,39843,0.07440378318235981,percent,False,0.242686,10.710000000000004,
25,1,Nikki Bella,20.0,45782,0.08549419235701804,percent,False,0.586791,10.710000000000004,
25,1,Terrell Owens,15.0,31988,0.05973428936178504,percent,False,0.149968,10.710000000000004,
25,1,Victoria Arlen,19.0,42037,0.07849955017041216,percent,False,0.242686,10.710000000000004,
25,1,Barbara Corcoran,14.0,29485,0.05506009916892951,percent,False,0.072711,10.710000000000004,
25,1,Lindsey Stirling,22.0,51550,0.09626517044468905,percent,False,0.829279,10.710000000000004,
25,1,Debbie Gibson,17.0,37146,0.06936614901360783,percent,False,0.286238,10.710000000000004,
25,1,Nick Lachey,18.0,39664,0.07406991333213826,percent,False,0.229453,10.710000000000004,
25,1,Drew Scott,16.0,34566,0.06454819184874075,percent,False,0.133128,10.710000000000004,
25,1,Vanessa Lachey,21.0,47311,0.08834835919511724,percent,False,0.216935,10.710000000000004,
25,2,Sasha Pieterse,22.5,60697,0.07639708467056028,percent,False,0.220575,15.889999999999995,True
25,2,Frankie Muniz,24.0,85354,0.10743139179201487,percent,False,1.0,15.889999999999995,True
25,2,Jordan Fisher,24.0,82756,0.10416112455421447,percent,False,0.738155,15.889999999999995,True
25,2,Derek Fisher,19.0,53796,0.06771015207472986,percent,False,0.242686,15.889999999999995,True
25,2,Nikki Bella,19.5,67398,0.08483031543900153,percent,False,0.586791,15.889999999999995,True
25,2,Terrell Owens,19.5,55035,0.06927023854182209,percent,False,0.149968,15.889999999999995,True
25,2,Victoria Arlen,22.0,56657,0.07131190669443264,percent,False,0.242686,15.889999999999995,True
25,2,Barbara Corcoran,17.0,48617,0.06119191324427161,percent,True,0.072711,15.889999999999995,True
25,2,Lindsey Stirling,22.5,65510,0.08245382197355944,percent,False,0.829279,15.889999999999995,True
25,2,Debbie Gibson,20.5,46595,0.058647453224174854,percent,True,0.286238,15.889999999999995,True
25,2,Nick Lachey,19.0,50953,0.06413238232769299,percent,False,0.229453,15.889999999999995,True
25,2,Drew Scott,20.5,58604,0.07376207308224973,percent,False,0.133128,15.889999999999995,True
25,2,Vanessa Lachey,23.5,62527,0.07870014238127539,percent,False,0.216935,15.889999999999995,True
25,3,Sasha Pieterse,19.0,37405,0.07481010217296061,percent,False,0.220575,9.06,
25,3,Frankie Muniz,21.0,44293,0.08858585000033778,percent,False,1.0,9.06,
25,3,Jordan Fisher,25.0,53557,0.10711374071095658,percent,False,0.738155,9.06,
25,3,Derek Fisher,21.0,42267,0.08453323693318404,percent,False,0.242686,9.06,
25,3,Nikki Bella,21.0,42969,0.08593712990941495,percent,False,0.586791,9.06,
25,3,Terrell Owens,21.0,41911,0.08382295279472722,percent,False,0.149968,9.06,
25,3,Victoria Arlen,22.0,44201,0.08840277245980768,percent,False,0.242686,9.06,
25,3,Lindsey Stirling,27.0,57986,0.11597297245379246,percent,False,0.829279,9.06,
25,3,Nick Lachey,21.0,42076,0.0841523581224255,percent,False,0.229453,9.06,
25,3,Drew Scott,23.0,46696,0.09339143952176654,percent,False,0.133128,9.06,
25,3,Vanessa Lachey,23.0,46639,0.09327744492062665,percent,False,0.216935,9.06,
25,4,Sasha Pieterse,24.0,40621,0.08124145100044877,percent,False,0.220575,9.25,True
25,4,Frankie Muniz,24.0,54573,0.10914553583436924,percent,False,1.0,9.25,True
25,4,Jordan Fisher,29.0,63734,0.12746798060977949,percent,False,0.738155,9.25,True
25,4,Derek Fisher,23.0,38879,0.0777589055595455,percent,True,0.242686,9.25,True
25,4,Nikki Bella,24.0,45584,0.09116727879325037,percent,False,0.586791,9.25,True
25,4,Terrell Owens,24.0,40711,0.08142170716909197,percent,False,0.149968,9.25,True
25,4,Victoria Arlen,27.0,43884,0.08776819044747083,percent,False,0.242686,9.25,True
25,4,Lindsey Stirling,26.0,48763,0.09752612776445856,percent,False,0.829279,9.25,True
25,4,Nick Lachey,22.0,40724,0.08144894711140244,percent,False,0.229453,9.25,True
25,4,Drew Scott,24.0,42232,0.08446476988321788,percent,False,0.133128,9.25,True
25,4,Vanessa Lachey,24.0,40295,0.08058910582696507,percent,False,0.216935,9.25,True
25,5,Sasha Pieterse,24.0,35592,0.07118336492852365,percent,True,0.220575,9.760000000000002,True
25,5,Frankie Muniz,29.0,67916,0.13583122487053373,percent,False,1.0,9.760000000000002,True
25,5,Jordan Fisher,30.0,67678,0.13535603958711365,percent,False,0.738155,9.760000000000002,True
25,5,Nikki Bella,27.0,52908,0.10581671312383786,percent,False,0.586791,9.760000000000002,True
25,5,Terrell Owens,25.0,43839,0.08767721221606778,percent,False,0.149968,9.760000000000002,True
25,5,Victoria Arlen,27.0,45204,0.09040838253571705,percent,False,0.242686,9.760000000000002,True
25,5,Lindsey Stirling,28.0,54009,0.10801704733688593,percent,False,0.829279,9.760000000000002,True
25,5,Nick Lachey,22.0,39424,0.07884716756986178,percent,False,0.229453,9.760000000000002,True
25,5,Drew Scott,25.0,45471,0.09094219005267122,percent,False,0.133128,9.760000000000002,True
25,5,Vanessa Lachey,24.0,47960,0.09592065777878739,percent,False,0.216935,9.760000000000002,True
25,6,Frankie Muniz,31.0,61606,0.12321140227653499,percent,False,1.0,9.15,True
25,6,Jordan Fisher,39.0,74662,0.14932362171327668,percent,False,0.738155,9.15,True
25,6,Nikki Bella,36.0,59943,0.11988687008543171,percent,False,0.586791,9.15,True
25,6,Terrell Owens,37.0,55209,0.11041702473757405,percent,False,0.149968,9.15,True
25,6,Victoria Arlen,31.0,44147,0.08829351667403121,percent,False,0.242686,9.15,True
25,6,Lindsey Stirling,40.0,65543,0.13108616644764698,percent,False,0.829279,9.15,True
25,6,Nick Lachey,26.0,39316,0.07863136798832969,percent,True,0.229453,9.15,True
25,6,Drew Scott,30.0,46420,0.09284035452482436,percent,False,0.133128,9.15,True
25,6,Vanessa Lachey,36.0,53155,0.10630967555235027,percent,False,0.216935,9.15,True
25,7,Frankie Muniz,30.0,85540,0.17107925368996618,percent,False,1.0,9.93,True
25,7,Jordan Fisher,27.0,74656,0.1493121389846357,percent,False,0.738155,9.93,True
25,7,Nikki Bella,24.0,46697,0.09339416335331184,percent,True,0.586791,9.93,True
25,7,Terrell Owens,24.5,56934,0.11386825588081682,percent,False,0.149968,9.93,True
25,7,Victoria Arlen,28.5,53868,0.10773668316723788,percent,False,0.242686,9.93,True
25,7,Lindsey Stirling,25.5,69498,0.1389969509114008,percent,False,0.829279,9.93,True
25,7,Drew Scott,28.5,61686,0.1233722116150152,percent,False,0.133128,9.93,True
25,7,Vanessa Lachey,27.0,51120,0.10224034239761573,percent,True,0.216935,9.93,True
25,8,Frankie Muniz,26.5,104603,0.20920508140776653,percent,False,1.0,9.299999999999999,True
25,8,Jordan Fisher,30.0,114414,0.22882894809395002,percent,False,0.738155,9.299999999999999,True
25,8,Terrell Owens,25.5,59998,0.11999600267079218,percent,True,0.149968,9.299999999999999,True
25,8,Victoria Arlen,24.0,64790,0.12958075676382058,percent,False,0.242686,9.299999999999999,True
25,8,Lindsey Stirling,27.0,83092,0.1661833786939887,percent,False,0.829279,9.299999999999999,True
25,8,Drew Scott,23.5,73103,0.14620583236968196,percent,False,0.133128,9.299999999999999,True
25,9,Frankie Muniz,25.5,110897,0.22179368619982429,percent,False,1.0,9.88,True
25,9,Jordan Fisher,29.0,120522,0.24104447296763015,percent,False,0.738155,9.88,True
25,9,Victoria Arlen,28.0,76414,0.15282840468297212,percent,True,0.242686,9.88,True
25,9,Lindsey Stirling,28.5,100938,0.20187514933099085,percent,False,0.829279,9.88,True
25,9,Drew Scott,24.0,91229,0.1824582868185826,percent,False,0.133128,9.88,True
25,10,Frankie Muniz,38.8887,268541,0.27856943747203744,percent,False,1.0,19.28,True
25,10,Jordan Fisher,40.0,266086,0.27602265842637225,percent,False,0.738155,19.28,True
25,10,Lindsey Stirling,40.0,227748,0.2362531991784946,percent,False,0.829279,19.28,True
25,10,Drew Scott,37.5,201625,0.20915470492309568,percent,True,0.133128,19.28,True
26,1,Jamie Anderson,19.0,39302,0.0786035458613963,percent,True,0.023014,8.48,True
26,1,Johnny Damon,18.0,37583,0.07516586769148349,percent,True,0.084304,8.48,True
26,1,Kareem Abdul-Jabbar,17.0,44064,0.08812739800974963,percent,False,0.024855,8.48,True
26,1,Arike Ogunbowale,20.0,46580,0.09315980145813443,percent,False,0.014729,8.48,True
26,1,Jennie Finch Daigle,21.0,49298,0.09859659465606596,percent,False,0.063059,8.48,True
26,1,Chris Mazdzer,21.0,49200,0.09840020993836035,percent,False,0.049711,8.48,True
26,1,Mirai Nagasu,23.0,53965,0.10793065105875191,percent,False,0.063059,8.48,True
26,1,Tonya Harding,23.0,65040,0.13007996105211886,percent,False,1.0,8.48,True
26,1,Josh Norman,24.0,57033,0.11406578208370752,percent,False,0.151433,8.48,True
26,1,Adam Rippon,24.0,57935,0.11587018819023163,percent,False,0.150973,8.48,True
26,2,Kareem Abdul-Jabbar,29.5,52190,0.10437920503437058,percent,True,0.024855,7.73,True
26,2,Arike Ogunbowale,35.0,53727,0.10745443864353037,percent,True,0.014729,7.73,True
26,2,Jennie Finch Daigle,31.5,60269,0.12053866869965407,percent,False,0.063059,7.73,True
26,2,Chris Mazdzer,33.0,65700,0.13140021327995685,percent,False,0.049711,7.73,True
26,2,Mirai Nagasu,37.0,63054,0.12610732859958582,percent,False,0.063059,7.73,True
26,2,Tonya Harding,33.0,76945,0.15389049306190472,percent,False,1.0,7.73,True
26,2,Josh Norman,31.5,66290,0.1325793617914132,percent,False,0.151433,7.73,True
26,2,Adam Rippon,37.0,61825,0.12365029088958432,percent,False,0.150973,7.73,True
26,3,Jennie Finch Daigle,29.0,63884,0.1277678384538498,percent,True,0.063059,7.68,True
26,3,Chris Mazdzer,33.0,71849,0.14369851771235892,percent,True,0.049711,7.68,True
26,3,Mirai Nagasu,35.0,77364,0.15472843385266896,percent,True,0.063059,7.68,True
26,3,Tonya Harding,35.0,107847,0.21569467110698243,percent,False,1.0,7.68,True
26,3,Josh Norman,38.0,90658,0.18131527954161036,percent,False,0.151433,7.68,True
26,3,Adam Rippon,41.0,88398,0.17679525933252963,percent,False,0.150973,7.68,True
26,4,Tonya Harding,28.0,169609,0.3392174702661392,percent,False,1.0,8.77,
26,4,Josh Norman,28.5,164252,0.32850407739174425,percent,False,0.151433,8.77,
26,4,Adam Rippon,29.0,166139,0.3322784523421165,percent,False,0.150973,8.77,
27,1,Juan Pablo Di Pace,22.0,53266,0.07486504715654652,percent,False,0.069086,14.229999999999997,True
27,1,Evanna Lynch,18.0,50844,0.07146063172548062,percent,False,0.140206,14.229999999999997,True
27,1,Nancy McKeon,19.5,47433,0.06666673744471248,percent,False,0.328237,14.229999999999997,True
27,1,John Schneider,18.0,53913,0.07577365214865239,percent,False,0.533719,14.229999999999997,True
27,1,Milo Manheim,20.0,54458,0.07653935569144199,percent,False,0.441081,14.229999999999997,True
27,1,Danelle Umstead,18.0,58918,0.08280834606919042,percent,False,0.384659,14.229999999999997,True
27,1,Mary Lou Retton,20.0,58198,0.08179640599952451,percent,False,0.627514,14.229999999999997,True
27,1,DeMarcus Ware,23.0,62935,0.08845415250333603,percent,False,0.301261,14.229999999999997,True
27,1,Nikki Glaser,17.5,34971,0.04915106487973933,percent,True,0.474648,14.229999999999997,True
27,1,Bobby Bones,20.0,76148,0.10702443897143067,percent,False,1.0,14.229999999999997,True
27,1,Tinashe,23.0,50175,0.07052039986087079,percent,False,0.165403,14.229999999999997,True
27,1,Alexis Ren,22.0,65502,0.09206124587718813,percent,False,0.929961,14.229999999999997,True
27,1,Joe Amabile,14.0,44738,0.0628785216718861,percent,False,0.012326,14.229999999999997,True
27,2,Juan Pablo Di Pace,26.0,57549,0.08746018956199644,percent,False,0.069086,13.159999999999998,True
27,2,Evanna Lynch,24.0,53235,0.08090470237590976,percent,False,0.140206,13.159999999999998,True
27,2,Nancy McKeon,20.5,45702,0.06945591967115401,percent,False,0.328237,13.159999999999998,True
27,2,John Schneider,21.5,57584,0.08751310530027191,percent,False,0.533719,13.159999999999998,True
27,2,Milo Manheim,26.0,64702,0.09833180609957161,percent,False,0.441081,13.159999999999998,True
27,2,Danelle Umstead,18.5,37731,0.057341825022503665,percent,True,0.384659,13.159999999999998,True
27,2,Mary Lou Retton,23.0,60366,0.09174171798009309,percent,False,0.627514,13.159999999999998,True
27,2,DeMarcus Ware,23.5,57439,0.08729375865811223,percent,False,0.301261,13.159999999999998,True
27,2,Bobby Bones,19.5,63940,0.09717266635388733,percent,False,1.0,13.159999999999998,True
27,2,Tinashe,26.0,53261,0.08094333806315199,percent,False,0.165403,13.159999999999998,True
27,2,Alexis Ren,24.5,66328,0.10080216064224531,percent,False,0.929961,13.159999999999998,True
27,2,Joe Amabile,17.5,40164,0.0610388102711027,percent,False,0.012326,13.159999999999998,True
27,3,Juan Pablo Di Pace,30.0,48351,0.09670228592810651,percent,False,0.069086,7.22,True
27,3,Evanna Lynch,27.0,43864,0.08772861968665563,percent,False,0.140206,7.22,True
27,3,Nancy McKeon,22.0,34969,0.06993841550774879,percent,True,0.328237,7.22,True
27,3,John Schneider,21.0,41843,0.0836859678743646,percent,False,0.533719,7.22,True
27,3,Milo Manheim,27.0,48794,0.09758794684412764,percent,False,0.441081,7.22,True
27,3,Mary Lou Retton,24.0,46168,0.09233525111275717,percent,False,0.627514,7.22,True
27,3,DeMarcus Ware,26.0,46762,0.09352313961045171,percent,False,0.301261,7.22,True
27,3,Bobby Bones,23.0,56337,0.1126731454042065,percent,False,1.0,7.22,True
27,3,Tinashe,27.0,39813,0.07962632559586275,percent,False,0.165403,7.22,True
27,3,Alexis Ren,26.0,50750,0.10150012799796601,percent,False,0.929961,7.22,True
27,3,Joe Amabile,18.0,42349,0.08469877443775263,percent,False,0.012326,7.22,True
27,4,Juan Pablo Di Pace,24.0,42683,0.08536670866923526,percent,False,0.069086,6.889999999999999,True
27,4,Evanna Lynch,24.0,48275,0.09655060500816552,percent,False,0.140206,6.889999999999999,True
27,4,John Schneider,21.0,31511,0.06302267658425242,percent,False,0.533719,6.889999999999999,True
27,4,Milo Manheim,29.0,72646,0.14529166365294824,percent,False,0.441081,6.889999999999999,True
27,4,Mary Lou Retton,26.0,69075,0.13815045119859787,percent,False,0.627514,6.889999999999999,True
27,4,DeMarcus Ware,22.0,45720,0.091439124441676,percent,False,0.301261,6.889999999999999,True
27,4,Bobby Bones,20.0,62153,0.12430522328327871,percent,False,1.0,6.889999999999999,True
27,4,Tinashe,26.0,18356,0.036712714828915374,percent,True,0.165403,6.889999999999999,True
27,4,Alexis Ren,25.0,67517,0.135034295932153,percent,False,0.929961,6.889999999999999,True
27,4,Joe Amabile,15.0,42063,0.08412653640077765,percent,False,0.012326,6.889999999999999,True
27,5,Juan Pablo Di Pace,29.0,65218,0.13043675764366738,percent,False,0.069086,7.27,
27,5,Evanna Lynch,24.0,52530,0.10505945543337465,percent,False,0.140206,7.27,
27,5,John Schneider,24.0,54198,0.10839539400584867,percent,False,0.533719,7.27,
27,5,Milo Manheim,27.0,61433,0.12286555174057698,percent,False,0.441081,7.27,
27,5,Mary Lou Retton,25.0,56854,0.11370840667655122,percent,False,0.627514,7.27,
27,5,DeMarcus Ware,26.0,58476,0.11695216171519678,percent,False,0.301261,7.27,
27,5,Bobby Bones,21.0,48110,0.09621931028598983,percent,False,1.0,7.27,
27,5,Alexis Ren,29.0,68419,0.13683846721999615,percent,False,0.929961,7.27,
27,5,Joe Amabile,17.0,34762,0.06952449527879836,percent,False,0.012326,7.27,
27,6,Juan Pablo Di Pace,30.0,57736,0.11547249120813358,percent,False,0.069086,7.25,True
27,6,Evanna Lynch,29.0,56049,0.11209848848230337,percent,False,0.140206,7.25,True
27,6,John Schneider,19.0,42242,0.08448426709801077,percent,False,0.533719,7.25,True
27,6,Milo Manheim,30.0,64637,0.12927473368735506,percent,False,0.441081,7.25,True
27,6,Mary Lou Retton,24.0,31325,0.06265015973145384,percent,True,0.627514,7.25,True
27,6,DeMarcus Ware,26.0,56857,0.11371409215689564,percent,False,0.301261,7.25,True
27,6,Bobby Bones,22.0,64695,0.129390376228891,percent,False,1.0,7.25,True
27,6,Alexis Ren,27.0,62537,0.1250747339942974,percent,False,0.929961,7.25,True
27,6,Joe Amabile,22.0,63920,0.12784065741265938,percent,False,0.012326,7.25,True
27,7,Juan Pablo Di Pace,28.0,71534,0.14306855566609106,percent,False,0.069086,7.1,True
27,7,Evanna Lynch,29.5,59451,0.1189018950541139,percent,False,0.140206,7.1,True
27,7,John Schneider,27.0,41333,0.08266549901030047,percent,True,0.533719,7.1,True
27,7,Milo Manheim,29.0,65385,0.13076975300694887,percent,False,0.441081,7.1,True
27,7,DeMarcus Ware,26.5,53470,0.10694006931309549,percent,True,0.301261,7.1,True
27,7,Bobby Bones,26.5,81204,0.16240769245882306,percent,False,1.0,7.1,True
27,7,Alexis Ren,27.5,67257,0.13451330885864143,percent,False,0.929961,7.1,True
27,7,Joe Amabile,23.5,60367,0.12073322663198575,percent,False,0.012326,7.1,True
27,8,Juan Pablo Di Pace,30.0,76392,0.15278422041719186,percent,True,0.069086,7.29,True
27,8,Evanna Lynch,29.0,82561,0.1651218835761951,percent,False,0.140206,7.29,True
27,8,Milo Manheim,27.5,92662,0.18532311861872275,percent,False,0.441081,7.29,True
27,8,Bobby Bones,22.5,99685,0.19936953228381127,percent,False,1.0,7.29,True
27,8,Alexis Ren,29.0,92842,0.18568444434888454,percent,False,0.929961,7.29,True
27,8,Joe Amabile,23.0,55858,0.11171680075519451,percent,True,0.012326,7.29,True
27,9,Evanna Lynch,30.0,126632,0.25326474138551724,percent,False,0.140206,7.9,
27,9,Milo Manheim,30.0,129124,0.2582481155735489,percent,False,0.441081,7.9,
27,9,Bobby Bones,27.0,119685,0.2393696494560218,percent,False,1.0,7.9,
27,9,Alexis Ren,28.5,124559,0.2491174935849121,percent,False,0.929961,7.9,
28,1,Kate Flannery,15.0,36791,0.07358192149043688,rank,False,0.236331,8.069999999999999,
28,1,James Van Der Beek,21.0,56346,0.11269193291539928,rank,False,0.656041,8.069999999999999,
28,1,Kel Mitchell,16.0,39867,0.07973358209759693,rank,False,0.27797,8.069999999999999,
28,1,Ray Lewis,15.0,37398,0.07479621845453624,rank,False,0.416393,8.069999999999999,
28,1,Lamar Odom,11.0,26371,0.05274147167581437,rank,False,0.538443,8.069999999999999,
28,1,Sailor Brinkley-Cook,18.0,45573,0.09114664815363528,rank,False,0.416393,8.069999999999999,
28,1,Sean Spicer,12.0,30073,0.060146958450555295,rank,False,0.72198,8.069999999999999,
28,1,Mary Wilson,17.0,42113,0.0842266070888067,rank,False,0.169933,8.069999999999999,
28,1,Lauren Alaina,19.0,49060,0.09811954508258161,rank,False,0.471537,8.069999999999999,
28,1,Ally Brooke,16.0,39880,0.07975960770857621,rank,False,0.338741,8.069999999999999,
28,1,Karamo Brown,17.0,42282,0.08456383219564934,rank,False,0.169371,8.069999999999999,
28,1,Hannah Brown,20.0,54246,0.10849167468641185,rank,False,1.0,8.069999999999999,
28,2,Kate Flannery,21.0,50618,0.1012350058000649,rank,False,0.236331,6.400000000000001,True
28,2,James Van Der Beek,20.0,54092,0.10818434577821978,rank,False,0.656041,6.400000000000001,True
28,2,Kel Mitchell,20.0,46648,0.09329656591019357,rank,False,0.27797,6.400000000000001,True
28,2,Ray Lewis,15.0,25360,0.05072011715509877,rank,False,0.416393,6.400000000000001,True
28,2,Lamar Odom,12.0,29263,0.05852668283646953,rank,False,0.538443,6.400000000000001,True
28,2,Sailor Brinkley-Cook,18.0,40747,0.08149375050655976,rank,False,0.416393,6.400000000000001,True
28,2,Sean Spicer,16.0,33899,0.06779894635412627,rank,False,0.72198,6.400000000000001,True
28,2,Mary Wilson,15.0,1664,0.0033274739988587813,rank,True,0.169933,6.400000000000001,True
28,2,Lauren Alaina,19.0,46195,0.09238995772646859,rank,False,0.471537,6.400000000000001,True
28,2,Ally Brooke,20.0,48195,0.0963905203590543,rank,False,0.338741,6.400000000000001,True
28,2,Karamo Brown,19.0,40096,0.08019118052981149,rank,False,0.169371,6.400000000000001,True
28,2,Hannah Brown,24.0,83223,0.1664454530450742,rank,False,1.0,6.400000000000001,True
28,3,Kate Flannery,24.0,61125,0.1222490928563415,rank,False,0.236331,6.58,
28,3,James Van Der Beek,23.0,60304,0.12060833301477358,rank,False,0.656041,6.58,
28,3,Kel Mitchell,20.0,49742,0.09948435180488079,rank,False,0.27797,6.58,
28,3,Lamar Odom,12.0,28107,0.056213364161857376,rank,False,0.538443,6.58,
28,3,Sailor Brinkley-Cook,23.0,58338,0.11667674048120996,rank,False,0.416393,6.58,
28,3,Sean Spicer,15.0,37516,0.07503122016206332,rank,False,0.72198,6.58,
28,3,Lauren Alaina,20.0,50142,0.10028328111781148,rank,False,0.471537,6.58,
28,3,Ally Brooke,24.0,61486,0.12297127040929262,rank,False,0.338741,6.58,
28,3,Karamo Brown,16.0,37970,0.0759398075838696,rank,False,0.169371,6.58,
28,3,Hannah Brown,21.0,55271,0.11054253840789977,rank,False,1.0,6.58,
28,4,Kate Flannery,26.0,40945,0.08189097093498787,rank,False,0.236331,6.4,True
28,4,James Van Der Beek,28.0,55989,0.11197751427220114,rank,False,0.656041,6.4,True
28,4,Kel Mitchell,32.0,52775,0.10555091725806783,rank,False,0.27797,6.4,True
28,4,Lamar Odom,20.0,37551,0.07510225765391457,rank,True,0.538443,6.4,True
28,4,Sailor Brinkley-Cook,31.0,46423,0.09284679726242237,rank,False,0.416393,6.4,True
28,4,Sean Spicer,21.0,50070,0.10013923510344329,rank,False,0.72198,6.4,True
28,4,Lauren Alaina,32.0,53515,0.10702970579062294,rank,False,0.471537,6.4,True
28,4,Ally Brooke,32.0,51702,0.10340332568485315,rank,False,0.338741,6.4,True
28,4,Karamo Brown,28.0,42250,0.08449981973542992,rank,False,0.169371,6.4,True
28,4,Hannah Brown,32.0,68780,0.13755945630405692,rank,False,1.0,6.4,True
28,5,Kate Flannery,24.0,54785,0.1095691317439125,rank,False,0.236331,6.61,
28,5,James Van Der Beek,26.0,62311,0.12462275987777227,rank,False,0.656041,6.61,
28,5,Kel Mitchell,26.0,60442,0.12088459558465862,rank,False,0.27797,6.61,
28,5,Sailor Brinkley-Cook,24.0,54921,0.1098422814523701,rank,False,0.416393,6.61,
28,5,Sean Spicer,19.0,44220,0.08844074498304696,rank,False,0.72198,6.61,
28,5,Lauren Alaina,23.0,52852,0.1057039257563728,rank,False,0.471537,6.61,
28,5,Ally Brooke,27.0,63175,0.12635055648212543,rank,False,0.338741,6.61,
28,5,Karamo Brown,21.0,46647,0.09329437988668951,rank,False,0.169371,6.61,
28,5,Hannah Brown,25.0,60646,0.12129162423305173,rank,False,1.0,6.61,
28,6,Kate Flannery,27.0,54672,0.10934431330463257,rank,False,0.236331,6.28,False
28,6,James Van Der Beek,27.0,63983,0.12796505056983462,rank,False,0.656041,6.28,False
28,6,Kel Mitchell,26.0,53987,0.10797378454556146,rank,False,0.27797,6.28,False
28,6,Sailor Brinkley-Cook,27.0,54906,0.10981240455102746,rank,True,0.416393,6.28,False
28,6,Sean Spicer,21.0,54485,0.10896926964831584,rank,False,0.72198,6.28,False
28,6,Lauren Alaina,26.0,55711,0.11142177526668381,rank,False,0.471537,6.28,False
28,6,Ally Brooke,25.0,51883,0.10376684732108907,rank,False,0.338741,6.28,False
28,6,Karamo Brown,25.0,49272,0.0985441417920432,rank,False,0.169371,6.28,False
28,6,Hannah Brown,24.0,61101,0.12220241300081207,rank,False,1.0,6.28,False
28,7,Kate Flannery,24.0,54192,0.10838441559260206,rank,False,0.236331,6.4,False
28,7,James Van Der Beek,27.0,71348,0.14269689848072242,rank,False,0.656041,6.4,False
28,7,Kel Mitchell,25.5,59044,0.11808869345824878,rank,False,0.27797,6.4,False
28,7,Sean Spicer,21.0,60757,0.12151424736114405,rank,False,0.72198,6.4,False
28,7,Lauren Alaina,27.0,64514,0.1290279065802015,rank,False,0.471537,6.4,False
28,7,Ally Brooke,27.0,62485,0.12496993350025842,rank,False,0.338741,6.4,False
28,7,Karamo Brown,24.5,53846,0.10769115838941626,rank,True,0.169371,6.4,False
28,7,Hannah Brown,26.0,73813,0.14762674663740646,rank,False,1.0,6.4,False
28,8,Kate Flannery,25.9998,60476,0.1209529531326036,rank,True,0.236331,6.200000000000001,False
28,8,James Van Der Beek,31.9998,87108,0.1742163474428685,rank,False,0.656041,6.200000000000001,False
28,8,Kel Mitchell,29.9998,71556,0.14311243368931786,rank,False,0.27797,6.200000000000001,False
28,8,Sean Spicer,20.0,59607,0.11921441523031563,rank,False,0.72198,6.200000000000001,False
28,8,Lauren Alaina,24.0,59073,0.11814680978595427,rank,False,0.471537,6.200000000000001,False
28,8,Ally Brooke,30.0,71519,0.1430388137879386,rank,False,0.338741,6.200000000000001,False
28,8,Hannah Brown,30.9998,90659,0.18131822693100139,rank,False,1.0,6.200000000000001,False
28,9,James Van Der Beek,36.0,89727,0.17945349856140672,rank,False,0.656041,6.75,False
28,9,Kel Mitchell,37.0,80805,0.1616101079545044,rank,False,0.27797,6.75,False
28,9,Sean Spicer,25.0,68221,0.13644152800059045,rank,True,0.72198,6.75,False
28,9,Lauren Alaina,35.0,78878,0.15775625591800646,rank,False,0.471537,6.75,False
28,9,Ally Brooke,40.0,87311,0.17462258987311088,rank,False,0.338741,6.75,False
28,9,Hannah Brown,35.5,95058,0.19011601969238107,rank,False,1.0,6.75,False
28,10,James Van Der Beek,25.5,98282,0.19656426053214082,rank,True,0.656041,6.63,False
28,10,Kel Mitchell,28.5,96249,0.19249816944506606,rank,False,0.27797,6.63,False
28,10,Lauren Alaina,27.0,94095,0.18819031011126736,rank,False,0.471537,6.63,False
28,10,Ally Brooke,29.5,99574,0.19914866404234435,rank,False,0.338741,6.63,False
28,10,Hannah Brown,27.0,111799,0.22359859586918146,rank,False,1.0,6.63,False
28,11,Kel Mitchell,29.5,124461,0.24892113555596715,rank,False,0.27797,7.79,
28,11,Lauren Alaina,28.5,120524,0.24104890176338767,rank,False,0.471537,7.79,
28,11,Ally Brooke,30.0,126948,0.25389590775324805,rank,False,0.338741,7.79,
28,11,Hannah Brown,29.0,128067,0.25613405492739716,rank,False,1.0,7.79,
29,1,Anne Heche,18.0,34905,0.06980940202020253,rank,False,0.433282,8.120000000000001,
29,1,Jesse Metcalfe,18.0,34748,0.06949585796595842,rank,False,0.310256,8.120000000000001,
29,1,Chrishell Stause,13.0,23922,0.04784490468545471,rank,False,0.448292,8.120000000000001,
29,1,Skai Jackson,21.0,42803,0.08560505220541267,rank,False,0.799444,8.120000000000001,
29,1,Justina Machado,21.0,41049,0.08209790808407536,rank,False,0.195265,8.120000000000001,
29,1,Charles Oakley,12.0,21477,0.042954970233757814,rank,False,0.140431,8.120000000000001,
29,1,Veron Davis,17.0,32425,0.06485023665656789,rank,False,0.287338,8.120000000000001,
29,1,Johnny Weir,18.0,34310,0.06862052994890741,rank,False,0.219789,8.120000000000001,
29,1,Nev Schulman,20.0,38231,0.07646262471623541,rank,False,0.182355,8.120000000000001,
29,1,AJ McLean,18.0,34151,0.06830156774046432,rank,False,0.14721,8.120000000000001,
29,1,Nelly,16.0,31398,0.0627964274805411,rank,False,0.835756,8.120000000000001,
29,1,Kaitlyn Bristowe,20.0,38948,0.07789532189298032,rank,False,0.287338,8.120000000000001,
29,1,Carole Baskin,11.0,20413,0.040826862825412036,rank,False,1.0,8.120000000000001,
29,1,Monica Aldama,19.0,36227,0.07245429564416377,rank,False,0.135501,8.120000000000001,
29,1,Jeannie Mai,18.0,34992,0.06998403789986629,rank,False,0.53321,8.120000000000001,
29,2,Anne Heche,18.0,34049,0.06809778318778152,rank,False,0.433282,6.090000000000002,True
29,2,Jesse Metcalfe,20.0,37760,0.07551983478193837,rank,False,0.310256,6.090000000000002,True
29,2,Chrishell Stause,18.0,33629,0.06725871312581495,rank,False,0.448292,6.090000000000002,True
29,2,Skai Jackson,15.0,32393,0.06478629283551322,rank,False,0.799444,6.090000000000002,True
29,2,Justina Machado,21.0,36216,0.07243171101601614,rank,False,0.195265,6.090000000000002,True
29,2,Charles Oakley,15.0,26517,0.05303411129310915,rank,True,0.140431,6.090000000000002,True
29,2,Veron Davis,18.0,33194,0.06638872843192055,rank,False,0.287338,6.090000000000002,True
29,2,Johnny Weir,18.0,30538,0.061076993374415245,rank,False,0.219789,6.090000000000002,True
29,2,Nev Schulman,21.0,30348,0.060695283297173955,rank,False,0.182355,6.090000000000002,True
29,2,AJ McLean,19.0,31482,0.06296460071637501,rank,False,0.14721,6.090000000000002,True
29,2,Nelly,18.0,40824,0.08164790727651844,rank,False,0.835756,6.090000000000002,True
29,2,Kaitlyn Bristowe,22.0,38233,0.07646548172266607,rank,False,0.287338,6.090000000000002,True
29,2,Carole Baskin,16.0,35705,0.07140956129735966,rank,False,1.0,6.090000000000002,True
29,2,Monica Aldama,16.0,25496,0.05099128892777114,rank,False,0.135501,6.090000000000002,True
29,2,Jeannie Mai,18.0,33616,0.06723170871562653,rank,False,0.53321,6.090000000000002,True
29,3,Anne Heche,15.0,27722,0.05544352405722225,rank,False,0.433282,6.870000000000002,True
29,3,Jesse Metcalfe,20.0,36892,0.07378364899135054,rank,False,0.310256,6.870000000000002,True
29,3,Chrishell Stause,22.0,40158,0.08031521527096823,rank,False,0.448292,6.870000000000002,True
29,3,Skai Jackson,18.0,37978,0.07595624281486721,rank,False,0.799444,6.870000000000002,True
29,3,Justina Machado,19.0,32013,0.06402685194302987,rank,False,0.195265,6.870000000000002,True
29,3,Veron Davis,22.0,39638,0.07927634603402958,rank,False,0.287338,6.870000000000002,True
29,3,Johnny Weir,24.0,39782,0.07956379413147283,rank,False,0.219789,6.870000000000002,True
29,3,Nev Schulman,24.0,33886,0.0677713268106373,rank,False,0.182355,6.870000000000002,True
29,3,AJ McLean,21.0,33996,0.06799253693647629,rank,False,0.14721,6.870000000000002,True
29,3,Nelly,18.0,39885,0.07977083833368746,rank,False,0.835756,6.870000000000002,True
29,3,Kaitlyn Bristowe,23.0,39052,0.07810335368561973,rank,False,0.287338,6.870000000000002,True
29,3,Carole Baskin,12.0,26163,0.05232590239946906,rank,True,1.0,6.870000000000002,True
29,3,Monica Aldama,21.0,32694,0.0653874499235033,rank,False,0.135501,6.870000000000002,True
29,3,Jeannie Mai,22.0,40141,0.08028296866766627,rank,False,0.53321,6.870000000000002,True
29,4,Anne Heche,21.0,23805,0.047610159947718785,rank,True,0.433282,5.840000000000002,True
29,4,Jesse Metcalfe,21.0,42667,0.08533449373785341,rank,False,0.310256,5.840000000000002,True
29,4,Chrishell Stause,22.0,37600,0.07519901953647852,rank,False,0.448292,5.840000000000002,True
29,4,Skai Jackson,28.0,55309,0.11061820796001065,rank,False,0.799444,5.840000000000002,True
29,4,Justina Machado,24.0,37863,0.07572566159711784,rank,False,0.195265,5.840000000000002,True
29,4,Veron Davis,22.0,37112,0.07422469773221432,rank,False,0.287338,5.840000000000002,True
29,4,Johnny Weir,24.0,37249,0.07449872362882055,rank,False,0.219789,5.840000000000002,True
29,4,Nev Schulman,24.0,31734,0.06346813851303428,rank,False,0.182355,5.840000000000002,True
29,4,AJ McLean,24.0,36380,0.07275953999253147,rank,False,0.14721,5.840000000000002,True
29,4,Nelly,21.0,43564,0.08712800327512994,rank,False,0.835756,5.840000000000002,True
29,4,Kaitlyn Bristowe,25.0,39745,0.07948953292241721,rank,False,0.287338,5.840000000000002,True
29,4,Monica Aldama,24.0,34987,0.06997460951454113,rank,False,0.135501,5.840000000000002,True
29,4,Jeannie Mai,21.0,41985,0.08396921164213195,rank,False,0.53321,5.840000000000002,True
29,5,Jesse Metcalfe,19.0,33551,0.0671025030580746,rank,True,0.310256,6.260000000000001,False
29,5,Chrishell Stause,19.0,34000,0.06799909745292598,rank,False,0.448292,6.260000000000001,False
29,5,Skai Jackson,24.0,47756,0.09551113277718769,rank,False,0.799444,6.260000000000001,False
29,5,Justina Machado,24.0,40134,0.08026854565571988,rank,False,0.195265,6.260000000000001,False
29,5,Veron Davis,21.0,36594,0.07318748707373002,rank,False,0.287338,6.260000000000001,False
29,5,Johnny Weir,29.0,48325,0.0966505061746845,rank,False,0.219789,6.260000000000001,False
29,5,Nev Schulman,26.0,40415,0.08082936438873332,rank,False,0.182355,6.260000000000001,False
29,5,AJ McLean,24.0,39202,0.07840486902168714,rank,False,0.14721,6.260000000000001,False
29,5,Nelly,24.0,49026,0.09805159870757203,rank,False,0.835756,6.260000000000001,False
29,5,Kaitlyn Bristowe,27.0,45869,0.09173867003081591,rank,False,0.287338,6.260000000000001,False
29,5,Monica Aldama,26.0,41721,0.08344156396721268,rank,False,0.135501,6.260000000000001,False
29,5,Jeannie Mai,24.0,43407,0.08681466169165616,rank,False,0.53321,6.260000000000001,False
29,6,Chrishell Stause,24.0,46167,0.09233432937121049,rank,False,0.448292,5.75,False
29,6,Skai Jackson,18.0,38502,0.07700477733034278,rank,False,0.799444,5.75,False
29,6,Justina Machado,27.0,48537,0.09707341916782515,rank,False,0.195265,5.75,False
29,6,Veron Davis,21.0,39338,0.07867545184325708,rank,True,0.287338,5.75,False
29,6,Johnny Weir,22.0,39410,0.07881905541061025,rank,False,0.219789,5.75,False
29,6,Nev Schulman,26.0,43445,0.08689035543849784,rank,False,0.182355,5.75,False
29,6,AJ McLean,27.0,47410,0.09481956665796783,rank,False,0.14721,5.75,False
29,6,Nelly,24.0,52702,0.10540399924512382,rank,False,0.835756,5.75,False
29,6,Kaitlyn Bristowe,27.0,49309,0.09861769552085897,rank,False,0.287338,5.75,False
29,6,Monica Aldama,27.0,46574,0.09314837048758062,rank,False,0.135501,5.75,False
29,6,Jeannie Mai,25.0,48606,0.09721297952672527,rank,False,0.53321,5.75,False
29,7,Chrishell Stause,26.0,51825,0.10364941973113762,rank,False,0.448292,5.480000000000001,True
29,7,Skai Jackson,27.0,62208,0.12441510585724803,rank,False,0.799444,5.480000000000001,True
29,7,Justina Machado,26.0,47838,0.09567539772549088,rank,False,0.195265,5.480000000000001,True
29,7,Johnny Weir,27.0,48872,0.09774316273335593,rank,False,0.219789,5.480000000000001,True
29,7,Nev Schulman,30.0,46253,0.09250695407892244,rank,False,0.182355,5.480000000000001,True
29,7,AJ McLean,26.0,45963,0.09192500862667713,rank,False,0.14721,5.480000000000001,True
29,7,Nelly,27.0,65332,0.130663352053399,rank,False,0.835756,5.480000000000001,True
29,7,Kaitlyn Bristowe,24.0,44498,0.08899620103099568,rank,False,0.287338,5.480000000000001,True
29,7,Monica Aldama,22.0,37401,0.07480250928537326,rank,True,0.135501,5.480000000000001,True
29,7,Jeannie Mai,25.0,49811,0.09962288887739994,rank,False,0.53321,5.480000000000001,True
29,8,Chrishell Stause,27.0,62285,0.12456990246180256,rank,True,0.448292,5.55,False
29,8,Skai Jackson,26.9998,69259,0.13851701183539603,rank,False,0.799444,5.55,False
29,8,Justina Machado,28.9998,62517,0.125034242728041,rank,False,0.195265,5.55,False
29,8,Johnny Weir,30.0,64446,0.1288923679651416,rank,False,0.219789,5.55,False
29,8,Nev Schulman,30.0,60116,0.12023111736702909,rank,False,0.182355,5.55,False
29,8,AJ McLean,27.0,56855,0.11370913842713341,rank,False,0.14721,5.55,False
29,8,Nelly,24.0,63201,0.12640215899921642,rank,False,0.835756,5.55,False
29,8,Kaitlyn Bristowe,28.0,61322,0.12264406021623998,rank,False,0.287338,5.55,False
29,9,Skai Jackson,28.9998,90043,0.18008674728994478,rank,False,0.799444,5.97,True
29,9,Justina Machado,25.9998,64572,0.12914356201226015,rank,False,0.195265,5.97,True
29,9,Johnny Weir,30.0,73230,0.14645962014178335,rank,False,0.219789,5.97,True
29,9,Nev Schulman,28.9998,60334,0.12066772769882957,rank,False,0.182355,5.97,True
29,9,AJ McLean,24.9998,53814,0.10762898682894578,rank,True,0.14721,5.97,True
29,9,Nelly,24.0,83004,0.16600778421565007,rank,False,0.835756,5.97,True
29,9,Kaitlyn Bristowe,30.0,75003,0.15000557181258622,rank,False,0.287338,5.97,True
29,10,Skai Jackson,28.5,76755,0.15351045915049477,rank,True,0.799444,5.75,True
29,10,Justina Machado,29.0,80481,0.16096256606389875,rank,False,0.195265,5.75,True
29,10,Johnny Weir,28.5,59026,0.11805140083343893,rank,True,0.219789,5.75,True
29,10,Nev Schulman,30.0,70302,0.1406032282400176,rank,False,0.182355,5.75,True
29,10,Nelly,28.0,132287,0.2645739085111969,rank,False,0.835756,5.75,True
29,10,Kaitlyn Bristowe,30.0,81149,0.16229843720095297,rank,False,0.287338,5.75,True
29,11,Justina Machado,30.0,125714,0.2514284696946111,rank,False,0.195265,6.41,
29,11,Nev Schulman,30.0,123863,0.24772679132901865,rank,False,0.182355,6.41,
29,11,Nelly,28.5,124207,0.24841467035073989,rank,False,0.835756,6.41,
29,11,Kaitlyn Bristowe,30.0,126215,0.25243006862563044,rank,False,0.287338,6.41,
30,1,Martin Kove,13.0,15861,0.03172108656776167,rank,False,0.04396,5.47,
30,1,Brian Austin Green,24.0,32690,0.06537941932711436,rank,False,0.156666,5.47,
30,1,Melora Hardin,26.0,35548,0.07109608852736088,rank,False,0.124703,5.47,
30,1,Matt James,24.0,32557,0.06511461185951216,rank,False,0.106603,5.47,
30,1,"Mike ""The Miz"" Mizanin",24.0,32474,0.06494880942333697,rank,False,0.13972,5.47,
30,1,Suni Lee,28.0,38791,0.07758206323517867,rank,False,0.121054,5.47,
30,1,Iman Shumpert,21.0,28101,0.056201890324345034,rank,False,0.16207,5.47,
30,1,Cody Rigsby,24.0,33135,0.06627031409003703,rank,False,0.13972,5.47,
30,1,Melanie C,27.0,36792,0.07358446853033712,rank,False,0.03362,5.47,
30,1,Jimmie Allen,22.0,29505,0.059009674188838374,rank,False,0.17952,5.47,
30,1,Olivia Jade,25.0,33792,0.06758321919467299,rank,False,0.21301,5.47,
30,1,JoJo Siwa,29.0,42472,0.08494335787502066,rank,False,1.0,5.47,
30,1,Christine Chiu,25.0,33732,0.06746314987578023,rank,False,0.03164,5.47,
30,1,Kenya Moore,26.0,35421,0.07084234042783209,rank,False,0.096942,5.47,
30,1,Amanda Kloots,28.0,39130,0.07825950655287171,rank,False,0.220117,5.47,
30,2,Martin Kove,15.0,18269,0.03653793218223207,rank,True,0.04396,4.88,True
30,2,Brian Austin Green,23.0,31193,0.06238601395233094,rank,False,0.156666,4.88,True
30,2,Melora Hardin,27.0,33470,0.06694049158903331,rank,False,0.124703,4.88,True
30,2,Matt James,22.0,29113,0.05822526567290447,rank,False,0.106603,4.88,True
30,2,"Mike ""The Miz"" Mizanin",26.0,32941,0.06588233847094889,rank,False,0.13972,4.88,True
30,2,Suni Lee,28.0,35322,0.07064303925744649,rank,False,0.121054,4.88,True
30,2,Iman Shumpert,25.0,35098,0.0701968375653621,rank,False,0.16207,4.88,True
30,2,Cody Rigsby,24.0,37668,0.07533660374752212,rank,False,0.13972,4.88,True
30,2,Melanie C,30.0,34639,0.06927848892132839,rank,False,0.03362,4.88,True
30,2,Jimmie Allen,27.0,35601,0.07120270535612487,rank,False,0.17952,4.88,True
30,2,Olivia Jade,27.0,29923,0.05984503996564757,rank,False,0.21301,4.88,True
30,2,JoJo Siwa,31.0,46572,0.093144309248989,rank,False,1.0,4.88,True
30,2,Christine Chiu,24.0,28591,0.05718227663415089,rank,False,0.03164,4.88,True
30,2,Kenya Moore,24.0,28867,0.057734147839685106,rank,False,0.096942,4.88,True
30,2,Amanda Kloots,32.0,42732,0.08546450959629397,rank,False,0.220117,4.88,True
30,3,Brian Austin Green,19.0,32276,0.06455254790630022,rank,False,0.156666,4.740000000000001,False
30,3,Melora Hardin,23.0,37443,0.07488510030414114,rank,False,0.124703,4.740000000000001,False
30,3,Matt James,20.0,33385,0.06677079960179191,rank,False,0.106603,4.740000000000001,False
30,3,"Mike ""The Miz"" Mizanin",22.0,36218,0.072436192312121,rank,False,0.13972,4.740000000000001,False
30,3,Suni Lee,21.0,34419,0.06883706914204417,rank,False,0.121054,4.740000000000001,False
30,3,Iman Shumpert,19.0,32793,0.0655865680968784,rank,False,0.16207,4.740000000000001,False
30,3,Cody Rigsby,18.0,32596,0.06519161292852456,rank,False,0.13972,4.740000000000001,False
30,3,Melanie C,22.0,34334,0.06866807832405182,rank,False,0.03362,4.740000000000001,False
30,3,Jimmie Allen,20.0,33671,0.06734204852245539,rank,False,0.17952,4.740000000000001,False
30,3,Olivia Jade,24.0,37845,0.07568944417940666,rank,False,0.21301,4.740000000000001,False
30,3,JoJo Siwa,24.0,47357,0.09471341092189339,rank,False,1.0,4.740000000000001,False
30,3,Christine Chiu,21.0,33183,0.0663651786578366,rank,True,0.03164,4.740000000000001,False
30,3,Kenya Moore,21.0,33631,0.06726192045785102,rank,False,0.096942,4.740000000000001,False
30,3,Amanda Kloots,24.0,40850,0.08170002864470383,rank,False,0.220117,4.740000000000001,False
30,4,Brian Austin Green,26.0,32336,0.06467165441067484,rank,True,0.156666,8.930000000000003,True
30,4,Melora Hardin,36.5,41492,0.08298492747286962,rank,False,0.124703,8.930000000000003,True
30,4,Matt James,28.5,34585,0.06916953866733744,rank,True,0.106603,8.930000000000003,True
30,4,"Mike ""The Miz"" Mizanin",32.5,37760,0.07551969721056243,rank,False,0.13972,8.930000000000003,True
30,4,Suni Lee,34.0,39332,0.07866317697853119,rank,False,0.121054,8.930000000000003,True
30,4,Iman Shumpert,31.5,40555,0.08110904976199944,rank,False,0.16207,8.930000000000003,True
30,4,Cody Rigsby,29.0,41739,0.08347838052119683,rank,False,0.13972,8.930000000000003,True
30,4,Melanie C,33.0,34942,0.06988312425781475,rank,False,0.03362,8.930000000000003,True
30,4,Jimmie Allen,32.5,39298,0.07859543337019181,rank,False,0.17952,8.930000000000003,True
30,4,Olivia Jade,35.0,35570,0.07113996753293558,rank,False,0.21301,8.930000000000003,True
30,4,JoJo Siwa,35.0,48219,0.09643704580939538,rank,False,1.0,8.930000000000003,True
30,4,Kenya Moore,29.5,32538,0.06507658511953231,rank,False,0.096942,8.930000000000003,True
30,4,Amanda Kloots,34.0,41636,0.08327141888695837,rank,False,0.220117,8.930000000000003,True
30,5,Melora Hardin,36.0,45101,0.09020181943803983,rank,False,0.124703,5.019999999999999,False
30,5,"Mike ""The Miz"" Mizanin",32.0,40541,0.08108268612464772,rank,False,0.13972,5.019999999999999,False
30,5,Suni Lee,36.0,45407,0.0908135795416681,rank,False,0.121054,5.019999999999999,False
30,5,Iman Shumpert,28.0,37191,0.07438143521178525,rank,False,0.16207,5.019999999999999,False
30,5,Cody Rigsby,32.0,44595,0.08918964113797372,rank,False,0.13972,5.019999999999999,False
30,5,Melanie C,36.0,43236,0.08647288146695085,rank,True,0.03362,5.019999999999999,False
30,5,Jimmie Allen,34.0,44050,0.08810092369677612,rank,False,0.17952,5.019999999999999,False
30,5,Olivia Jade,36.0,43686,0.08737190244269592,rank,False,0.21301,5.019999999999999,False
30,5,JoJo Siwa,40.0,60740,0.12148018479106573,rank,False,1.0,5.019999999999999,False
30,5,Kenya Moore,36.0,44368,0.088735558322799,rank,False,0.096942,5.019999999999999,False
30,5,Amanda Kloots,39.0,51085,0.10216938782559778,rank,False,0.220117,5.019999999999999,False
30,6,Melora Hardin,34.0,43665,0.08732973632011871,rank,False,0.124703,4.86,True
30,6,"Mike ""The Miz"" Mizanin",34.0,44628,0.08925502451504255,rank,False,0.13972,4.86,True
30,6,Suni Lee,36.0,47048,0.0940961693266973,rank,False,0.121054,4.86,True
30,6,Iman Shumpert,40.0,58179,0.11635783405948143,rank,False,0.16207,4.86,True
30,6,Cody Rigsby,36.0,58536,0.11707263560809604,rank,False,0.13972,4.86,True
30,6,Jimmie Allen,38.0,51909,0.10381842263100745,rank,False,0.17952,4.86,True
30,6,Olivia Jade,36.0,41333,0.08266563317933882,rank,False,0.21301,4.86,True
30,6,JoJo Siwa,40.0,62256,0.12451243388521176,rank,False,1.0,4.86,True
30,6,Kenya Moore,32.0,39875,0.07974979864595867,rank,True,0.096942,4.86,True
30,6,Amanda Kloots,38.0,52571,0.10514231182904737,rank,False,0.220117,4.86,True
30,7,Melora Hardin,38.0,54093,0.10818544868600986,rank,False,0.124703,4.79,True
30,7,"Mike ""The Miz"" Mizanin",32.0,46556,0.09311202183969201,rank,True,0.13972,4.79,True
30,7,Suni Lee,34.0,49252,0.09850320968033957,rank,False,0.121054,4.79,True
30,7,Iman Shumpert,34.0,54813,0.1096267593833663,rank,False,0.16207,4.79,True
30,7,Cody Rigsby,36.0,64882,0.12976495417724312,rank,False,0.13972,4.79,True
30,7,Jimmie Allen,38.0,57537,0.11507379829207955,rank,False,0.17952,4.79,True
30,7,Olivia Jade,42.0,53450,0.10689904081192864,rank,False,0.21301,4.79,True
30,7,JoJo Siwa,39.0,67281,0.13456104783828032,rank,False,1.0,4.79,True
30,7,Amanda Kloots,34.0,52137,0.10427371929106063,rank,False,0.220117,4.79,True
30,8,Melora Hardin,42.0,64872,0.12974407769529375,rank,False,0.124703,4.72,True
30,8,Suni Lee,42.0,65992,0.1319845346451786,rank,False,0.121054,4.72,True
30,8,Iman Shumpert,35.0,60969,0.12193763053767485,rank,False,0.16207,4.72,True
30,8,Cody Rigsby,38.0,74142,0.14828324352860486,rank,False,0.13972,4.72,True
30,8,Jimmie Allen,32.0,53026,0.10605145942240643,rank,True,0.17952,4.72,True
30,8,Olivia Jade,36.0,34919,0.0698377866754997,rank,True,0.21301,4.72,True
30,8,JoJo Siwa,41.0,76335,0.15266995480703996,rank,False,1.0,4.72,True
30,8,Amanda Kloots,42.0,69746,0.13949131268830178,rank,False,0.220117,4.72,True
30,9,Melora Hardin,36.0,74140,0.14827985111887462,rank,True,0.124703,4.81,False
30,9,Suni Lee,37.5,77753,0.15550573307333593,rank,True,0.121054,4.81,False
30,9,Iman Shumpert,37.5,81879,0.1637587949988014,rank,False,0.16207,4.81,False
30,9,Cody Rigsby,35.5,81326,0.1626520850357187,rank,False,0.13972,4.81,False
30,9,JoJo Siwa,40.0,99849,0.19969734343425172,rank,False,1.0,4.81,False
30,9,Amanda Kloots,39.5,85053,0.17010619233901755,rank,False,0.220117,4.81,False
30,10,Iman Shumpert,40.0,126318,0.25263641165898165,rank,False,0.16207,5.64,
30,10,Cody Rigsby,38.0,120246,0.24049234089199162,rank,False,0.13972,5.64,
30,10,JoJo Siwa,40.0,131066,0.2621328626438257,rank,False,1.0,5.64,
30,10,Amanda Kloots,39.0,122369,0.24473838480520105,rank,False,0.220117,5.64,
31,1,Jason Lewis,18.0,22447,0.044894652282077445,rank,True,0.03029,5.125,False
31,1,Cheryl Ladd,21.0,26815,0.05362924118773646,rank,False,0.130295,5.125,False
31,1,Selma Blair,28.0,42595,0.08519008461979377,rank,False,0.783294,5.125,False
31,1,Joseph Baena,23.0,30935,0.061870937276091366,rank,False,0.211039,5.125,False
31,1,Trevor Donovan,21.0,28341,0.05668145111372671,rank,False,0.273362,5.125,False
31,1,Daniel Durant,27.0,32938,0.06587557836183029,rank,False,0.039572,5.125,False
31,1,Wayne Brady,29.0,41317,0.08263354177348128,rank,False,0.425284,5.125,False
31,1,Sam Champion,20.0,25622,0.05124497274667083,rank,False,0.172062,5.125,False
31,1,Jessie James Decker,20.0,24534,0.04906702637070895,rank,False,0.091668,5.125,False
31,1,Jordin Sparks,26.0,31907,0.06381457596121834,rank,False,0.172062,5.125,False
31,1,Heidi D'Amelio,24.0,27517,0.055034207572610204,rank,False,0.010969,5.125,False
31,1,Charli D'Amelio,32.0,48137,0.09627482864370088,rank,False,1.0,5.125,False
31,1,Teresa Giudice,20.0,25311,0.05062133873554131,rank,False,0.182625,5.125,False
31,1,Vinny Guadagnino,17.0,22251,0.0445025675578079,rank,False,0.002674,5.125,False
31,1,Shangela,28.0,34093,0.06818602265917827,rank,False,0.03153,5.125,False
31,1,Gabby Windey,28.0,35239,0.07047897313782607,rank,False,0.196571,5.125,False
31,2,Cheryl Ladd,21.0,31733,0.06346510477822159,rank,False,0.130295,4.704999999999999,True
31,2,Selma Blair,28.0,41430,0.08286070223270688,rank,False,0.783294,4.704999999999999,True
31,2,Joseph Baena,24.0,31641,0.06328181030754651,rank,False,0.211039,4.704999999999999,True
31,2,Trevor Donovan,30.0,39044,0.07808736369579372,rank,False,0.273362,4.704999999999999,True
31,2,Daniel Durant,29.0,32162,0.06432425551770596,rank,False,0.039572,4.704999999999999,True
31,2,Wayne Brady,32.0,44999,0.08999842918020523,rank,False,0.425284,4.704999999999999,True
31,2,Sam Champion,26.0,31009,0.06201728538870165,rank,False,0.172062,4.704999999999999,True
31,2,Jessie James Decker,25.0,27628,0.055256141931116665,rank,False,0.091668,4.704999999999999,True
31,2,Jordin Sparks,27.0,29001,0.05800182965187503,rank,False,0.172062,4.704999999999999,True
31,2,Heidi D'Amelio,28.0,26876,0.053751277224400804,rank,False,0.010969,4.704999999999999,True
31,2,Charli D'Amelio,32.0,43422,0.08684441910412563,rank,False,1.0,4.704999999999999,True
31,2,Teresa Giudice,23.0,18225,0.03644939463988126,rank,True,0.182625,4.704999999999999,True
31,2,Vinny Guadagnino,27.0,35611,0.07122122954646957,rank,False,0.002674,4.704999999999999,True
31,2,Shangela,28.0,31010,0.06202092971833578,rank,False,0.03153,4.704999999999999,True
31,2,Gabby Windey,32.0,36210,0.07241982708291372,rank,False,0.196571,4.704999999999999,True
31,3,Cheryl Ladd,24.0,17857,0.03571478682089536,rank,True,0.130295,4.935000000000001,True
31,3,Selma Blair,28.0,45198,0.09039644170958666,rank,False,0.783294,4.935000000000001,True
31,3,Joseph Baena,29.0,40037,0.0800748361666467,rank,False,0.211039,4.935000000000001,True
31,3,Trevor Donovan,27.0,35597,0.07119487680036778,rank,False,0.273362,4.935000000000001,True
31,3,Daniel Durant,31.0,35256,0.07051101403098645,rank,False,0.039572,4.935000000000001,True
31,3,Wayne Brady,33.0,52623,0.10524691001611941,rank,False,0.425284,4.935000000000001,True
31,3,Sam Champion,25.0,27752,0.05550301077183163,rank,False,0.172062,4.935000000000001,True
31,3,Jessie James Decker,26.0,26453,0.05290598934148416,rank,False,0.091668,4.935000000000001,True
31,3,Jordin Sparks,29.0,30695,0.06138935470780417,rank,False,0.172062,4.935000000000001,True
31,3,Heidi D'Amelio,32.0,30640,0.06128001713916094,rank,False,0.010969,4.935000000000001,True
31,3,Charli D'Amelio,33.0,51880,0.10375965137289286,rank,False,1.0,4.935000000000001,True
31,3,Vinny Guadagnino,23.0,32446,0.0648922689512581,rank,False,0.002674,4.935000000000001,True
31,3,Shangela,30.0,33421,0.06684172295466072,rank,False,0.03153,4.935000000000001,True
31,3,Gabby Windey,33.0,40145,0.08028911921630509,rank,False,0.196571,4.935000000000001,True
31,4,Selma Blair,32.0,47391,0.09478159456890957,rank,False,0.783294,6.845,True
31,4,Joseph Baena,28.0,36860,0.07371967227903024,rank,False,0.211039,6.845,True
31,4,Trevor Donovan,28.0,36462,0.07292441332955236,rank,False,0.273362,6.845,True
31,4,Daniel Durant,29.0,32151,0.0643022589850419,rank,False,0.039572,6.845,True
31,4,Wayne Brady,36.0,50691,0.1013824476585175,rank,False,0.425284,6.845,True
31,4,Sam Champion,25.0,29787,0.0595738648030491,rank,True,0.172062,6.845,True
31,4,Jessie James Decker,31.0,34202,0.06840372681019702,rank,False,0.091668,6.845,True
31,4,Jordin Sparks,34.0,36492,0.07298395602152793,rank,False,0.172062,6.845,True
31,4,Heidi D'Amelio,34.0,32603,0.06520690771659814,rank,False,0.010969,6.845,True
31,4,Charli D'Amelio,36.0,48954,0.09790786305723385,rank,False,1.0,6.845,True
31,4,Vinny Guadagnino,29.0,38222,0.07644308612229048,rank,False,0.002674,6.845,True
31,4,Shangela,32.0,35415,0.07082952010097056,rank,False,0.03153,6.845,True
31,4,Gabby Windey,36.0,40770,0.08154068854708121,rank,False,0.196571,6.845,True
31,5,Selma Blair,40.0,51527,0.10305419049120595,rank,False,0.783294,4.875,False
31,5,Joseph Baena,35.0,39863,0.07972628908900577,rank,True,0.211039,4.875,False
31,5,Trevor Donovan,36.0,41140,0.08228085819792359,rank,False,0.273362,4.875,False
31,5,Daniel Durant,33.5,34606,0.06921179784533674,rank,False,0.039572,4.875,False
31,5,Wayne Brady,41.0,49464,0.09892746327674959,rank,False,0.425284,4.875,False
31,5,Jessie James Decker,36.0,37394,0.07478885610120839,rank,False,0.091668,4.875,False
31,5,Jordin Sparks,35.5,36891,0.07378184981623065,rank,False,0.172062,4.875,False
31,5,Heidi D'Amelio,39.0,37864,0.07572873973229309,rank,False,0.010969,4.875,False
31,5,Charli D'Amelio,42.0,53500,0.10700072318428619,rank,False,1.0,4.875,False
31,5,Vinny Guadagnino,31.0,34359,0.0687183126725496,rank,False,0.002674,4.875,False
31,5,Shangela,38.5,39696,0.07939126157513893,rank,False,0.03153,4.875,False
31,5,Gabby Windey,41.0,43695,0.08738965801807168,rank,False,0.196571,4.875,False
31,6,Trevor Donovan,34.0,54154,0.10830851434905543,rank,False,0.273362,4.805,True
31,6,Daniel Durant,34.0,46127,0.09225474187727449,rank,False,0.039572,4.805,True
31,6,Wayne Brady,34.0,58546,0.11709299409166135,rank,False,0.425284,4.805,True
31,6,Jessie James Decker,32.0,25050,0.05010052143073217,rank,True,0.091668,4.805,True
31,6,Jordin Sparks,34.0,44659,0.0893183667651083,rank,False,0.172062,4.805,True
31,6,Heidi D'Amelio,36.0,42247,0.08449360570089401,rank,False,0.010969,4.805,True
31,6,Charli D'Amelio,40.0,66494,0.1329885048632824,rank,False,1.0,4.805,True
31,6,Vinny Guadagnino,28.0,62719,0.12543776394957543,rank,False,0.002674,4.805,True
31,6,Shangela,36.0,48745,0.09748967841597808,rank,False,0.03153,4.805,True
31,6,Gabby Windey,37.0,51258,0.10251530855643824,rank,False,0.196571,4.805,True
31,7,Trevor Donovan,39.0,71930,0.14385926672625998,rank,False,0.273362,4.83,True
31,7,Daniel Durant,36.5,52484,0.10496722889314682,rank,False,0.039572,4.83,True
31,7,Wayne Brady,38.0,78264,0.15652847135145287,rank,False,0.425284,4.83,True
31,7,Jordin Sparks,34.5,32460,0.06491936242352248,rank,True,0.172062,4.83,True
31,7,Heidi D'Amelio,35.0,37512,0.07502392085620639,rank,False,0.010969,4.83,True
31,7,Charli D'Amelio,39.0,67978,0.13595584350174178,rank,False,1.0,4.83,True
31,7,Vinny Guadagnino,31.5,55664,0.11132822875086211,rank,False,0.002674,4.83,True
31,7,Shangela,36.5,52404,0.10480792639935162,rank,False,0.03153,4.83,True
31,7,Gabby Windey,35.5,51305,0.1026097510974559,rank,False,0.196571,4.83,True
31,8,Trevor Donovan,39.0,66449,0.13289819371885392,rank,False,0.273362,4.92,True
31,8,Daniel Durant,39.0,56572,0.11314422657469188,rank,False,0.039572,4.92,True
31,8,Wayne Brady,45.0,82905,0.16581062021157103,rank,False,0.425284,4.92,True
31,8,Heidi D'Amelio,35.0,43913,0.08782583575895966,rank,True,0.010969,4.92,True
31,8,Charli D'Amelio,45.0,80064,0.16012794987752055,rank,False,1.0,4.92,True
31,8,Vinny Guadagnino,29.0,50009,0.10001790892666833,rank,True,0.002674,4.92,True
31,8,Shangela,42.0,60817,0.12163349055647829,rank,False,0.03153,4.92,True
31,8,Gabby Windey,40.0,59271,0.11854177437525631,rank,False,0.196571,4.92,True
31,9,Trevor Donovan,32.5,77782,0.1555649794930172,rank,True,0.273362,5.255,True
31,9,Daniel Durant,34.5,70296,0.1405920909243348,rank,True,0.039572,5.255,True
31,9,Wayne Brady,36.5,94458,0.18891511122034152,rank,False,0.425284,5.255,True
31,9,Charli D'Amelio,40.0,99967,0.19993490690622492,rank,False,1.0,5.255,True
31,9,Shangela,36.5,74240,0.14848095353722288,rank,False,0.03153,5.255,True
31,9,Gabby Windey,40.0,83256,0.16651195791885867,rank,False,0.196571,5.255,True
31,10,Wayne Brady,38.0,122623,0.24524611549760178,rank,False,0.425284,5.369999999999999,
31,10,Charli D'Amelio,40.0,132406,0.2648126974971684,rank,False,1.0,5.369999999999999,
31,10,Shangela,38.0,118366,0.23673104899565436,rank,False,0.03153,5.369999999999999,
31,10,Gabby Windey,40.0,126605,0.2532101380095754,rank,False,0.196571,5.369999999999999,
32,1,Jamie Lynn Spears,15.0,33792,0.06758460936251265,rank,False,0.614511,4.78,True
32,1,Mira Sorvino,17.0,37681,0.07536172905432073,rank,False,0.626253,4.78,True
32,1,Barry Williams,16.0,41411,0.08282159510386813,rank,False,0.923226,4.78,True
32,1,Alyson Hannigan,13.0,27808,0.05561554344402555,rank,False,0.488157,4.78,True
32,1,Xochitl Gomez,18.0,40408,0.08081645774536429,rank,False,0.772033,4.78,True
32,1,Adrian Peterson,18.0,35141,0.07028204373101096,rank,False,0.308194,4.78,True
32,1,Matt Walsh,12.0,19734,0.03946740440428916,rank,True,0.348969,4.78,True
32,1,Tyson Beckford,12.0,33147,0.0662948317019014,rank,False,0.488157,4.78,True
32,1,Jason Mraz,21.0,51061,0.10212137075904623,rank,False,0.725114,4.78,True
32,1,Lele Pons,19.0,31204,0.06240844374639701,rank,False,0.226004,4.78,True
32,1,Harry Jowsey,12.0,33924,0.06784734501250891,rank,False,1.0,4.78,True
32,1,Mauricio Umansky,15.0,32325,0.06465034509181494,rank,False,0.356087,4.78,True
32,1,Charity Lawson,22.0,38984,0.07796861309386657,rank,False,0.06337,4.78,True
32,1,Ariana Madix,21.0,43380,0.0867596677490734,rank,False,0.474596,4.78,True
32,2,Jamie Lynn Spears,16.0,34630,0.06925948128671806,rank,True,0.614511,4.53,False
32,2,Mira Sorvino,18.0,38735,0.07746981765646958,rank,False,0.626253,4.53,False
32,2,Barry Williams,15.0,35804,0.07160842916856561,rank,False,0.923226,4.53,False
32,2,Alyson Hannigan,19.0,39584,0.07916809321754203,rank,False,0.488157,4.53,False
32,2,Xochitl Gomez,24.0,52851,0.10570211742139173,rank,False,0.772033,4.53,False
32,2,Adrian Peterson,15.0,29352,0.05870305712429682,rank,False,0.308194,4.53,False
32,2,Tyson Beckford,18.0,35322,0.07064344864846991,rank,False,0.488157,4.53,False
32,2,Jason Mraz,24.0,54443,0.10888520892648944,rank,False,0.725114,4.53,False
32,2,Lele Pons,21.0,37889,0.07577744081834088,rank,False,0.226004,4.53,False
32,2,Harry Jowsey,15.0,37626,0.07525233570591057,rank,False,1.0,4.53,False
32,2,Mauricio Umansky,12.0,24662,0.049324967802013,rank,False,0.356087,4.53,False
32,2,Charity Lawson,21.0,38139,0.07627799718251932,rank,False,0.06337,4.53,False
32,2,Ariana Madix,20.0,40964,0.08192760504127294,rank,False,0.474596,4.53,False
32,3,Mira Sorvino,26.0,41347,0.08269376539591962,rank,False,0.626253,5.130000000000001,True
32,3,Barry Williams,25.0,46419,0.09283819909077257,rank,False,0.923226,5.130000000000001,True
32,3,Alyson Hannigan,24.0,36851,0.07370120502190666,rank,False,0.488157,5.130000000000001,True
32,3,Xochitl Gomez,32.0,51535,0.10306977954597524,rank,False,0.772033,5.130000000000001,True
32,3,Adrian Peterson,22.0,30817,0.06163436094023428,rank,False,0.308194,5.130000000000001,True
32,3,Tyson Beckford,20.0,26600,0.053199153665635,rank,True,0.488157,5.130000000000001,True
32,3,Jason Mraz,34.0,59294,0.11858761659311295,rank,False,0.725114,5.130000000000001,True
32,3,Lele Pons,27.0,31820,0.06363931676846799,rank,False,0.226004,5.130000000000001,True
32,3,Harry Jowsey,24.0,48689,0.09737764037244526,rank,False,1.0,5.130000000000001,True
32,3,Mauricio Umansky,23.0,35570,0.07113952364606801,rank,False,0.356087,5.130000000000001,True
32,3,Charity Lawson,32.0,40679,0.08135877109845666,rank,False,0.06337,5.130000000000001,True
32,3,Ariana Madix,34.0,50380,0.10076066786100583,rank,False,0.474596,5.130000000000001,True
32,4,Mira Sorvino,21.0,511,0.0010215751714244023,rank,False,0.626253,4.759999999999999,True
32,4,Barry Williams,18.0,191994,0.3839871488783559,rank,False,0.923226,4.759999999999999,True
32,4,Alyson Hannigan,18.0,107409,0.21481892980383513,rank,False,0.488157,4.759999999999999,True
32,4,Xochitl Gomez,27.0,48727,0.09745315634944876,rank,False,0.772033,4.759999999999999,True
32,4,Adrian Peterson,21.0,500,0.0010000000002364801,rank,True,0.308194,4.759999999999999,True
32,4,Jason Mraz,24.0,39349,0.07869773882436516,rank,False,0.725114,4.759999999999999,True
32,4,Lele Pons,22.0,7316,0.01463218217758743,rank,False,0.226004,4.759999999999999,True
32,4,Harry Jowsey,21.0,45844,0.09168729602120733,rank,False,1.0,4.759999999999999,True
32,4,Mauricio Umansky,19.0,44074,0.08814841690529213,rank,False,0.356087,4.759999999999999,True
32,4,Charity Lawson,24.0,8955,0.01791003562439924,rank,False,0.06337,4.759999999999999,True
32,4,Ariana Madix,25.0,5322,0.010643520243847914,rank,False,0.474596,4.759999999999999,True
32,5,Mira Sorvino,22.0,46499,0.09299760806768217,rank,True,0.626253,4.730000000000001,False
32,5,Barry Williams,24.0,56266,0.11253126440398237,rank,False,0.923226,4.730000000000001,False
32,5,Alyson Hannigan,21.0,42971,0.08594189939744762,rank,False,0.488157,4.730000000000001,False
32,5,Xochitl Gomez,28.0,60561,0.1211210273357657,rank,False,0.772033,4.730000000000001,False
32,5,Jason Mraz,27.0,60156,0.1203124249378213,rank,False,0.725114,4.730000000000001,False
32,5,Lele Pons,24.0,42530,0.08505913267868608,rank,False,0.226004,4.730000000000001,False
32,5,Harry Jowsey,18.0,44347,0.08869319490033326,rank,False,1.0,4.730000000000001,False
32,5,Mauricio Umansky,24.0,48446,0.0968915436683469,rank,False,0.356087,4.730000000000001,False
32,5,Charity Lawson,28.0,49946,0.09989116701315572,rank,False,0.06337,4.730000000000001,False
32,5,Ariana Madix,24.0,48280,0.09656073759677888,rank,False,0.474596,4.730000000000001,False
32,6,Barry Williams,32.0,55979,0.11195868597986548,rank,False,0.923226,4.75,False
32,6,Alyson Hannigan,31.0,47333,0.09466582068850658,rank,False,0.488157,4.75,False
32,6,Xochitl Gomez,42.0,67784,0.13556783556085483,rank,False,0.772033,4.75,False
32,6,Jason Mraz,39.0,64838,0.12967527585010172,rank,False,0.725114,4.75,False
32,6,Lele Pons,37.0,48925,0.09784920237002197,rank,False,0.226004,4.75,False
32,6,Harry Jowsey,29.0,53313,0.10662563964658452,rank,False,1.0,4.75,False
32,6,Mauricio Umansky,33.0,49705,0.09941099729625572,rank,True,0.356087,4.75,False
32,6,Charity Lawson,38.0,50579,0.10115759828490191,rank,False,0.06337,4.75,False
32,6,Ariana Madix,41.0,61544,0.1230889443229072,rank,False,0.474596,4.75,False
32,7,Barry Williams,32.5,131113,0.26222677323951094,rank,False,0.923226,4.87,True
32,7,Alyson Hannigan,35.0,104512,0.2090249109812444,rank,False,0.488157,4.87,True
32,7,Xochitl Gomez,37.0,1208,0.002416245503472353,rank,False,0.772033,4.87,True
32,7,Jason Mraz,36.0,51669,0.10333746604503623,rank,False,0.725114,4.87,True
32,7,Lele Pons,36.5,500,0.0009995360611042565,rank,True,0.226004,4.87,True
32,7,Harry Jowsey,32.0,164110,0.3282203418525302,rank,False,1.0,4.87,True
32,7,Charity Lawson,36.0,45591,0.09118224270459334,rank,False,0.06337,4.87,True
32,7,Ariana Madix,37.0,1296,0.0025924836125083917,rank,False,0.474596,4.87,True
32,8,Barry Williams,35.0,76145,0.15229061183380607,rank,True,0.923226,5.12,False
32,8,Alyson Hannigan,36.0,68360,0.13671975894737806,rank,False,0.488157,5.12,False
32,8,Xochitl Gomez,40.0,80285,0.1605700845271334,rank,False,0.772033,5.12,False
32,8,Jason Mraz,33.0,68230,0.13645950329820655,rank,False,0.725114,5.12,False
32,8,Harry Jowsey,28.0,64016,0.12803212559905566,rank,False,1.0,5.12,False
32,8,Charity Lawson,39.0,64558,0.12911502772506714,rank,False,0.06337,5.12,False
32,8,Ariana Madix,42.0,78406,0.15681288806935317,rank,False,0.474596,5.12,False
32,9,Alyson Hannigan,32.0,70244,0.14048741962575284,rank,False,0.488157,5.7,False
32,9,Xochitl Gomez,41.0,95130,0.19025986120339927,rank,False,0.772033,5.7,False
32,9,Jason Mraz,43.0,102775,0.20554976095640073,rank,False,0.725114,5.7,False
32,9,Harry Jowsey,30.0,79289,0.15857723946517496,rank,True,1.0,5.7,False
32,9,Charity Lawson,38.0,72715,0.1454301515293373,rank,False,0.06337,5.7,False
32,9,Ariana Madix,37.0,79848,0.1596955672199349,rank,False,0.474596,5.7,False
32,10,Alyson Hannigan,25.5,87886,0.1757728826444101,rank,False,0.488157,5.1,
32,10,Xochitl Gomez,30.0,107618,0.2152359062558355,rank,False,0.772033,5.1,
32,10,Jason Mraz,28.5,101972,0.20394468629667206,rank,False,0.725114,5.1,
32,10,Charity Lawson,29.5,100871,0.20174277627169854,rank,False,0.06337,5.1,
32,10,Ariana Madix,29.0,101652,0.20330374853138394,rank,False,0.474596,5.1,
32,11,Alyson Hannigan,26.5,89690,0.1793799837523674,rank,False,0.488157,5.5,
32,11,Xochitl Gomez,30.0,105032,0.21006314324655137,rank,False,0.772033,5.5,
32,11,Jason Mraz,30.0,105626,0.2112512197413251,rank,False,0.725114,5.5,
32,11,Charity Lawson,29.5,98453,0.1969068280600291,rank,False,0.06337,5.5,
32,11,Ariana Madix,29.5,101199,0.20239882519972696,rank,False,0.474596,5.5,
33,1,Tori Spelling,17.0,33656,0.06731171502438837,rank,False,0.312368,4.97,
33,1,Eric Roberts,15.0,29454,0.05890729422512616,rank,False,0.460158,4.97,
33,1,Reginald VelJohnson,16.0,31312,0.06262484020152592,rank,False,0.165156,4.97,
33,1,Chandler Kinney,23.0,47618,0.09523505191294544,rank,False,0.279818,4.97,
33,1,Dwight Howard ,22.0,45736,0.09147293639775711,rank,False,0.279818,4.97,
33,1,Danny Amendola,20.0,41288,0.08257562904666012,rank,False,0.52097,4.97,
33,1,Stephen Nedoroscik,21.0,43191,0.08638217224031658,rank,False,0.20067,4.97,
33,1,Ilona Maher,18.0,37136,0.07427285747349124,rank,False,0.750998,4.97,
33,1,Anna Delvey,18.0,35951,0.07190126188865598,rank,False,1.0,4.97,
33,1,Brooks Nader,18.0,36062,0.0721239021562497,rank,False,0.445423,4.97,
33,1,Phaedra Parks,19.0,37773,0.07554673445127592,rank,False,0.119825,4.97,
33,1,Jenn Tran,19.0,38413,0.07682663344354003,rank,False,0.316197,4.97,
33,1,Joey Graziadei,21.0,42409,0.08481897153806754,rank,False,0.133342,4.97,
33,2,Tori Spelling,19.0,36358,0.07271502910180042,rank,True,0.312368,4.89,False
33,2,Eric Roberts,15.0,30186,0.060371768539680994,rank,False,0.460158,4.89,False
33,2,Reginald VelJohnson,15.0,28535,0.05706983747666416,rank,False,0.165156,4.89,False
33,2,Chandler Kinney,24.0,45183,0.09036623295186766,rank,False,0.279818,4.89,False
33,2,Dwight Howard ,22.0,43769,0.08753756573258999,rank,False,0.279818,4.89,False
33,2,Danny Amendola,21.0,43025,0.0860509405176439,rank,False,0.52097,4.89,False
33,2,Stephen Nedoroscik,22.0,43180,0.08636023571858592,rank,False,0.20067,4.89,False
33,2,Ilona Maher,21.0,46028,0.09205526486837647,rank,False,0.750998,4.89,False
33,2,Anna Delvey,17.0,30706,0.061411472705944596,rank,True,1.0,4.89,False
33,2,Brooks Nader,20.0,38576,0.07715208068100236,rank,False,0.445423,4.89,False
33,2,Phaedra Parks,21.0,37897,0.07579305608867935,rank,False,0.119825,4.89,False
33,2,Jenn Tran,19.0,36932,0.07386437189105295,rank,False,0.316197,4.89,False
33,2,Joey Graziadei,22.0,39626,0.07925214372611114,rank,False,0.133342,4.89,False
33,3,Eric Roberts,23.0,37546,0.07509262910462125,rank,True,0.460158,8.5,True
33,3,Reginald VelJohnson,21.0,32927,0.06585475401522208,rank,True,0.165156,8.5,True
33,3,Chandler Kinney,34.5,50890,0.10178042576631269,rank,False,0.279818,8.5,True
33,3,Dwight Howard ,26.0,43597,0.08719471564510074,rank,False,0.279818,8.5,True
33,3,Danny Amendola,30.0,50151,0.10030202708070915,rank,False,0.52097,8.5,True
33,3,Stephen Nedoroscik,31.0,51607,0.10321488539951813,rank,False,0.20067,8.5,True
33,3,Ilona Maher,28.0,51236,0.10247146525691604,rank,False,0.750998,8.5,True
33,3,Brooks Nader,30.5,45195,0.09038953918666102,rank,False,0.445423,8.5,True
33,3,Phaedra Parks,28.0,39354,0.07870711587006068,rank,False,0.119825,8.5,True
33,3,Jenn Tran,31.0,48760,0.09751905400730121,rank,False,0.316197,8.5,True
33,3,Joey Graziadei,35.0,48737,0.09747338866757696,rank,False,0.133342,8.5,True
33,4,Chandler Kinney,32.0,52558,0.10511652533924554,rank,False,0.279818,4.4,False
33,4,Dwight Howard ,29.0,50335,0.10066902541422637,rank,False,0.279818,4.4,False
33,4,Danny Amendola,36.0,64348,0.12869595860129446,rank,False,0.52097,4.4,False
33,4,Stephen Nedoroscik,33.0,56507,0.11301371719160368,rank,False,0.20067,4.4,False
33,4,Ilona Maher,32.0,61189,0.12237857648571296,rank,False,0.750998,4.4,False
33,4,Brooks Nader,32.0,53847,0.10769454534903224,rank,True,0.445423,4.4,False
33,4,Phaedra Parks,32.0,50380,0.10075954183496953,rank,False,0.119825,4.4,False
33,4,Jenn Tran,32.0,54266,0.10853191553049395,rank,False,0.316197,4.4,False
33,4,Joey Graziadei,36.0,56570,0.11314019425342124,rank,False,0.133342,4.4,False
33,5,Chandler Kinney,27.0,62177,0.12435326210034939,rank,False,0.279818,4.85,True
33,5,Dwight Howard ,24.0,62827,0.1256539974694257,rank,False,0.279818,4.85,True
33,5,Danny Amendola,25.5,66550,0.13309964154098258,rank,False,0.52097,4.85,True
33,5,Stephen Nedoroscik,24.0,62375,0.12474987887372255,rank,False,0.20067,4.85,True
33,5,Ilona Maher,26.0,74274,0.1485478987488536,rank,False,0.750998,4.85,True
33,5,Phaedra Parks,24.0,52661,0.10532111759252484,rank,True,0.119825,4.85,True
33,5,Jenn Tran,25.5,62616,0.12523225948669403,rank,False,0.316197,4.85,True
33,5,Joey Graziadei,26.0,56521,0.11304194418744733,rank,False,0.133342,4.85,True
33,6,Chandler Kinney,32.0,74423,0.1488462384722412,rank,False,0.279818,4.47,False
33,6,Dwight Howard ,31.0,76190,0.15237945901290154,rank,False,0.279818,4.47,False
33,6,Danny Amendola,28.0,70869,0.14173832851782217,rank,False,0.52097,4.47,False
33,6,Stephen Nedoroscik,28.0,67891,0.13578197409897808,rank,False,0.20067,4.47,False
33,6,Ilona Maher,24.0,64984,0.12996712972126515,rank,False,0.750998,4.47,False
33,6,Jenn Tran,31.0,74440,0.14887989400088184,rank,True,0.316197,4.47,False
33,6,Joey Graziadei,32.0,71203,0.14240697617591003,rank,False,0.133342,4.47,False
33,7,Chandler Kinney,30.0,85780,0.17155933390848035,rank,False,0.279818,5.13,True
33,7,Dwight Howard ,24.0,78009,0.15601846039541586,rank,True,0.279818,5.13,True
33,7,Danny Amendola,25.5,82632,0.1652633546928204,rank,False,0.52097,5.13,True
33,7,Stephen Nedoroscik,27.0,87129,0.1742578428204887,rank,False,0.20067,5.13,True
33,7,Ilona Maher,26.0,92222,0.1844447046992983,rank,False,0.750998,5.13,True
33,7,Joey Graziadei,27.5,74228,0.14845630348349642,rank,False,0.133342,5.13,True
33,8,Chandler Kinney,29.0,103044,0.20608808099857095,rank,False,0.279818,5.19,
33,8,Danny Amendola,27.0,96718,0.1934351343756127,rank,False,0.52097,5.19,
33,8,Stephen Nedoroscik,26.5,93571,0.18714185783664655,rank,False,0.20067,5.19,
33,8,Ilona Maher,28.5,104674,0.20934808843151909,rank,False,0.750998,5.19,
33,8,Joey Graziadei,29.0,101993,0.20398683835765063,rank,False,0.133342,5.19,
33,9,Chandler Kinney,30.0,102519,0.20503708169319504,rank,False,0.279818,6.36,
33,9,Danny Amendola,28.0,96501,0.19300229483259262,rank,False,0.52097,6.36,
33,9,Stephen Nedoroscik,29.5,101344,0.20268809387063427,rank,False,0.20067,6.36,
33,9,Ilona Maher,28.5,100123,0.2002463980362798,rank,False,0.750998,6.36,
33,9,Joey Graziadei,29.5,99513,0.19902613156729831,rank,False,0.133342,6.36,
34,1,Corey Feldman,9.0,25940,0.05188040557126189,rank,False,0.200416,5.28,
34,1,Danielle Fishel,12.0,36288,0.07257657887612329,rank,False,0.208433,5.28,
34,1,Elaine Hendrix,12.0,36969,0.07393795339462056,rank,False,0.270183,5.28,
34,1,Baron Davis,10.0,29473,0.05894565216316687,rank,False,0.248162,5.28,
34,1,Jordan Chiles,10.0,29183,0.058365264849451384,rank,False,0.122879,5.28,
34,1,Andy Richter,9.0,26922,0.053843953012145264,rank,False,0.235816,5.28,
34,1,Robert Irwin,15.0,49695,0.0993895924679935,rank,False,1.0,5.28,
34,1,Hilaria Baldwin,14.0,43639,0.08727832883654292,rank,False,0.204865,5.28,
34,1,Lauren Jauregui,13.0,39074,0.07814811081622774,rank,False,0.017779,5.28,
34,1,Scott Hoying,10.0,29261,0.058521000216921554,rank,False,0.021927,5.28,
34,1,Alix Earle,13.0,40143,0.08028542637784719,rank,False,0.376626,5.28,
34,1,Jen Affleck,12.0,36392,0.07278394306441427,rank,False,0.18835,5.28,
34,1,Whitney Leavitt,15.0,47064,0.09412730692591348,rank,False,0.248162,5.28,
34,1,Dylan Efron,10.0,29958,0.05991648342737006,rank,False,0.390111,5.28,
34,2,Corey Feldman,15.0,25681,0.05136265734643521,rank,True,0.200416,5.459999999999999,False
34,2,Danielle Fishel,19.0,32855,0.06570969997998378,rank,False,0.208433,5.459999999999999,False
34,2,Elaine Hendrix,21.0,39633,0.07926578023921801,rank,False,0.270183,5.459999999999999,False
34,2,Baron Davis,18.0,31597,0.06319426876962742,rank,True,0.248162,5.459999999999999,False
34,2,Jordan Chiles,22.0,36990,0.07398067290128889,rank,False,0.122879,5.459999999999999,False
34,2,Andy Richter,16.0,32366,0.06473298194122222,rank,False,0.235816,5.459999999999999,False
34,2,Robert Irwin,22.0,47543,0.09508674869643252,rank,False,1.0,5.459999999999999,False
34,2,Hilaria Baldwin,21.0,37345,0.07469090513965043,rank,False,0.204865,5.459999999999999,False
34,2,Lauren Jauregui,21.0,33336,0.0666713399580897,rank,False,0.017779,5.459999999999999,False
34,2,Scott Hoying,18.0,30738,0.061475285524144614,rank,False,0.021927,5.459999999999999,False
34,2,Alix Earle,21.0,37429,0.0748574803747703,rank,False,0.376626,5.459999999999999,False
34,2,Jen Affleck,22.0,38621,0.07724100819868486,rank,False,0.18835,5.459999999999999,False
34,2,Whitney Leavitt,22.0,38116,0.07623226236773595,rank,False,0.248162,5.459999999999999,False
34,2,Dylan Efron,20.0,37749,0.07549890856271624,rank,False,0.390111,5.459999999999999,False
34,3,Danielle Fishel,21.0,37585,0.07517023109062457,rank,False,0.208433,5.829999999999999,True
34,3,Elaine Hendrix,21.0,45065,0.09012972890149891,rank,False,0.270183,5.829999999999999,True
34,3,Jordan Chiles,24.0,41325,0.08265038851701284,rank,False,0.122879,5.829999999999999,True
34,3,Andy Richter,18.0,45065,0.09013006003610817,rank,False,0.235816,5.829999999999999,True
34,3,Robert Irwin,22.0,52612,0.10522402998167373,rank,False,1.0,5.829999999999999,True
34,3,Hilaria Baldwin,22.0,42110,0.0842200309618092,rank,False,0.204865,5.829999999999999,True
34,3,Lauren Jauregui,18.0,27917,0.055833790034062816,rank,True,0.017779,5.829999999999999,True
34,3,Scott Hoying,22.0,40642,0.08128462188726192,rank,False,0.021927,5.829999999999999,True
34,3,Alix Earle,23.0,41895,0.08379097731294978,rank,False,0.376626,5.829999999999999,True
34,3,Jen Affleck,19.0,35474,0.07094839404015162,rank,False,0.18835,5.829999999999999,True
34,3,Whitney Leavitt,24.0,42586,0.08517145254091188,rank,False,0.248162,5.829999999999999,True
34,3,Dylan Efron,23.0,47723,0.0954462946959346,rank,False,0.390111,5.829999999999999,True
34,4,Danielle Fishel,21.0,40120,0.08024020757542862,rank,False,0.208433,5.880000000000001,False
34,4,Elaine Hendrix,24.0,50043,0.10008628082607843,rank,False,0.270183,5.880000000000001,False
34,4,Jordan Chiles,24.0,44583,0.0891669072698128,rank,False,0.122879,5.880000000000001,False
34,4,Andy Richter,18.0,40230,0.08045906867706838,rank,False,0.235816,5.880000000000001,False
34,4,Robert Irwin,22.0,52528,0.10505503293640839,rank,False,1.0,5.880000000000001,False
34,4,Hilaria Baldwin,23.0,45190,0.09038016486076458,rank,True,0.204865,5.880000000000001,False
34,4,Scott Hoying,21.0,39620,0.07923995305754411,rank,False,0.021927,5.880000000000001,False
34,4,Alix Earle,24.0,47260,0.09452006628977866,rank,False,0.376626,5.880000000000001,False
34,4,Jen Affleck,23.0,44609,0.08921748047143045,rank,False,0.18835,5.880000000000001,False
34,4,Whitney Leavitt,25.0,47855,0.09570904922049701,rank,False,0.248162,5.880000000000001,False
34,4,Dylan Efron,23.0,47963,0.09592578881518857,rank,False,0.390111,5.880000000000001,False
34,5,Danielle Fishel,29.0,45106,0.09021213019275154,rank,False,0.208433,5.980000000000001,
34,5,Elaine Hendrix,30.0,47798,0.09559516131404443,rank,False,0.270183,5.980000000000001,
34,5,Jordan Chiles,32.0,50238,0.10047598521199441,rank,False,0.122879,5.980000000000001,
34,5,Andy Richter,24.0,37504,0.07500829547269645,rank,False,0.235816,5.980000000000001,
34,5,Robert Irwin,35.0,59270,0.11853909350292804,rank,False,1.0,5.980000000000001,
34,5,Scott Hoying,30.0,46727,0.0934537830235609,rank,False,0.021927,5.980000000000001,
34,5,Alix Earle,35.0,56559,0.11311892184906734,rank,False,0.376626,5.980000000000001,
34,5,Jen Affleck,29.0,45238,0.0904750097528844,rank,False,0.18835,5.980000000000001,
34,5,Whitney Leavitt,33.0,52446,0.10489186033737254,rank,False,0.248162,5.980000000000001,
34,5,Dylan Efron,36.0,59115,0.11822975934269996,rank,False,0.390111,5.980000000000001,
34,6,Danielle Fishel,36.0,46735,0.09346906238439037,rank,False,0.208433,6.63,True
34,6,Elaine Hendrix,36.0,52828,0.10565643287217849,rank,False,0.270183,6.63,True
34,6,Jordan Chiles,39.0,50273,0.10054552466151748,rank,False,0.122879,6.63,True
34,6,Andy Richter,27.0,61342,0.12268451530187305,rank,False,0.235816,6.63,True
34,6,Robert Irwin,36.0,63339,0.12667740454115917,rank,False,1.0,6.63,True
34,6,Scott Hoying,28.0,41166,0.08233169237733397,rank,True,0.021927,6.63,True
34,6,Alix Earle,35.0,46872,0.09374402370273807,rank,False,0.376626,6.63,True
34,6,Jen Affleck,32.0,40272,0.08054420165873259,rank,False,0.18835,6.63,True
34,6,Whitney Leavitt,39.0,52397,0.10479452418186878,rank,False,0.248162,6.63,True
34,6,Dylan Efron,32.0,44776,0.08955261831820813,rank,False,0.390111,6.63,True
34,7,Danielle Fishel,35.0,48602,0.09720486843943844,rank,False,0.208433,6.74,True
34,7,Elaine Hendrix,32.0,50205,0.10041069921417134,rank,False,0.270183,6.74,True
34,7,Jordan Chiles,38.0,51115,0.10223094852048858,rank,False,0.122879,6.74,True
34,7,Andy Richter,29.0,50402,0.10080464106373753,rank,False,0.235816,6.74,True
34,7,Robert Irwin,41.0,72910,0.14581999227429682,rank,False,1.0,6.74,True
34,7,Alix Earle,43.0,61269,0.12253895631084218,rank,False,0.376626,6.74,True
34,7,Jen Affleck,34.0,48403,0.09680592703501963,rank,True,0.18835,6.74,True
34,7,Whitney Leavitt,42.0,58217,0.11643371733134102,rank,False,0.248162,6.74,True
34,7,Dylan Efron,38.0,58875,0.11775024981066444,rank,False,0.390111,6.74,True
34,8,Danielle Fishel,37.0,39497,0.07899485048036374,rank,True,0.208433,6.3,True
34,8,Elaine Hendrix,37.5,74316,0.14863247885410388,rank,False,0.270183,6.3,True
34,8,Jordan Chiles,39.0,52324,0.10464869607851307,rank,False,0.122879,6.3,True
34,8,Andy Richter,34.0,65508,0.13101614809777584,rank,False,0.235816,6.3,True
34,8,Robert Irwin,38.0,86127,0.17225314470147193,rank,False,1.0,6.3,True
34,8,Alix Earle,38.5,55854,0.11170764865114034,rank,False,0.376626,6.3,True
34,8,Whitney Leavitt,39.5,55911,0.11182127775431279,rank,False,0.248162,6.3,True
34,8,Dylan Efron,38.0,70463,0.1409257553823184,rank,False,0.390111,6.3,True
34,9,Elaine Hendrix,36.0,69978,0.1399563568292312,rank,False,0.270183,6.670000000000001,True
34,9,Jordan Chiles,39.0,60829,0.1216577059433821,rank,False,0.122879,6.670000000000001,True
34,9,Andy Richter,29.0,65767,0.1315335408250651,rank,True,0.235816,6.670000000000001,True
34,9,Robert Irwin,42.0,90981,0.18196292047389367,rank,False,1.0,6.670000000000001,True
34,9,Alix Earle,40.0,66000,0.13199903899572432,rank,False,0.376626,6.670000000000001,True
34,9,Whitney Leavitt,42.0,67506,0.13501233885439332,rank,False,0.248162,6.670000000000001,True
34,9,Dylan Efron,42.0,78939,0.15787809807831032,rank,False,0.390111,6.670000000000001,True
34,10,Elaine Hendrix,28.5,84229,0.16845708429530676,rank,False,0.270183,7.22,False
34,10,Jordan Chiles,28.5,75039,0.15007848318796602,rank,False,0.122879,7.22,False
34,10,Robert Irwin,29.5,99831,0.19966286947600626,rank,False,1.0,7.22,False
34,10,Alix Earle,29.0,80940,0.16187951093744185,rank,False,0.376626,7.22,False
34,10,Whitney Leavitt,29.0,78680,0.15735918626313916,rank,True,0.248162,7.22,False
34,10,Dylan Efron,27.5,81281,0.16256286584013985,rank,False,0.390111,7.22,False
34,11,Elaine Hendrix,28.9998,97898,0.19579629468897902,rank,False,0.270183,9.43,
34,11,Jordan Chiles,29.666600000000003,98028,0.1960561535571987,rank,False,0.122879,9.43,
34,11,Robert Irwin,29.666600000000003,104087,0.20817347998029254,rank,False,1.0,9.43,
34,11,Alix Earle,30.0,100707,0.201414418767419,rank,False,0.376626,9.43,
34,11,Dylan Efron,29.3332,99280,0.19855965300611084,rank,False,0.390111,9.43,
